-- phpMyAdmin SQL Dump
-- version 3.5.5
-- http://www.phpmyadmin.net
--
-- Máquina: localhost
-- Data de Criação: 07-Fev-2013 às 11:30
-- Versão do servidor: 5.0.91-community
-- versão do PHP: 5.2.6

SET SQL_MODE="NO_AUTO_VALUE_ON_ZERO";
SET time_zone = "+00:00";


/*!40101 SET @OLD_CHARACTER_SET_CLIENT=@@CHARACTER_SET_CLIENT */;
/*!40101 SET @OLD_CHARACTER_SET_RESULTS=@@CHARACTER_SET_RESULTS */;
/*!40101 SET @OLD_COLLATION_CONNECTION=@@COLLATION_CONNECTION */;
/*!40101 SET NAMES utf8 */;

--
-- Base de Dados: `sindinfo_sindicato`
--

-- --------------------------------------------------------

--
-- Estrutura da tabela `bl_associado`
--

CREATE TABLE IF NOT EXISTS `bl_associado` (
  `ass_id` int(10) NOT NULL auto_increment COMMENT 'identifica com exclusividade o associado',
  `ass_razao_social` varchar(255) NOT NULL COMMENT 'armazena a razão social do associado',
  `ass_nome_fantasia` varchar(255) default NULL COMMENT 'armazena o nome de fantasia do associado',
  `ass_cnpj` varchar(14) NOT NULL COMMENT 'armazena o cnpj do associado',
  `ass_logradouro` varchar(255) NOT NULL COMMENT 'armazena o logradouro do associado',
  `ass_numero` int(6) NOT NULL default '0' COMMENT 'armazena o número do endereço do associado',
  `ass_complemento` varchar(50) NOT NULL default 'sem complemento' COMMENT 'armazena o complemento do endereço do associado',
  `ass_bairro` varchar(100) NOT NULL COMMENT 'armazena o bairro do endereço do associado',
  `ass_municipio` varchar(255) NOT NULL COMMENT 'armazena municipio da associada',
  `ass_uf` char(2) NOT NULL COMMENT 'armazena a uf da associada',
  `ass_cep` varchar(10) NOT NULL COMMENT 'armazena cep da associada',
  `ass_telefone` varchar(13) NOT NULL COMMENT 'armazena nro telefone da associada',
  `ass_fax` varchar(13) default NULL COMMENT 'armanzena nro fax da associada',
  `ass_email_empresa` varchar(255) default NULL COMMENT 'armazena email da associada',
  `ass_site` varchar(255) default NULL COMMENT 'armazena o site da associada',
  `ass_nro_funcionarios` int(6) default NULL COMMENT 'armazena nro de funcionários da associada',
  `ass_capital_social` float(10,2) NOT NULL COMMENT 'armazena vr capital social do associado',
  `ass_optante_simples` char(1) NOT NULL COMMENT 'S=sim N=não: informa se o associado é optante do simples nacional',
  `ass_nro_socios` int(3) NOT NULL,
  `ass_ativ_principal` varchar(255) default NULL COMMENT 'armazena informações sobre a atividade principal da associada',
  `ass_pessoa_contato` varchar(255) NOT NULL COMMENT 'armazena nome do contato na associada',
  `ass_email_pessoa_contato` varchar(255) NOT NULL COMMENT 'armazena email da pessoa de contato na associada',
  `ass_nome_admin_empresa` varchar(255) NOT NULL COMMENT 'armazena nome do administrador da associada',
  `ass_email_admin_empresa` varchar(255) NOT NULL COMMENT 'armazena email do administrador da associada',
  `ass_ci_admin_empresa` varchar(30) default NULL COMMENT 'armazena ci do administrador da associada',
  `ass_cpf_admin_empresa` varchar(11) default NULL COMMENT 'armazena cpf do administrador da associada',
  `ass_telefone_admin_empresa` varchar(13) default NULL COMMENT 'armazena telefone administrador da associada',
  `ass_senha_acesso` varchar(10) default NULL COMMENT 'armazena senha de acesso da associada',
  `ass_logo` varchar(255) default NULL,
  `ass_cadastro_ativo` char(1) NOT NULL default 'N' COMMENT 'S=sim N=não: define a situação cadastral da associada',
  `ass_pendente` char(1) NOT NULL default 'S',
  PRIMARY KEY  (`ass_id`),
  UNIQUE KEY `ass_cnpj` (`ass_cnpj`)
) ENGINE=InnoDB  DEFAULT CHARSET=latin1 AUTO_INCREMENT=71 ;

--
-- Extraindo dados da tabela `bl_associado`
--

INSERT INTO `bl_associado` (`ass_id`, `ass_razao_social`, `ass_nome_fantasia`, `ass_cnpj`, `ass_logradouro`, `ass_numero`, `ass_complemento`, `ass_bairro`, `ass_municipio`, `ass_uf`, `ass_cep`, `ass_telefone`, `ass_fax`, `ass_email_empresa`, `ass_site`, `ass_nro_funcionarios`, `ass_capital_social`, `ass_optante_simples`, `ass_nro_socios`, `ass_ativ_principal`, `ass_pessoa_contato`, `ass_email_pessoa_contato`, `ass_nome_admin_empresa`, `ass_email_admin_empresa`, `ass_ci_admin_empresa`, `ass_cpf_admin_empresa`, `ass_telefone_admin_empresa`, `ass_senha_acesso`, `ass_logo`, `ass_cadastro_ativo`, `ass_pendente`) VALUES
(1, 'BL TECNOLOGIA EM INFORMÁTICA LTDA ME', 'BL INFORMÁTICA', '04558964000100', 'Rua Pará', 25, 'sem complemento', 'Cruzeiro do Sul', 'Cariacica', 'ES', '29.144-140', '(27)3343-0650', '(27)3343-0652', 'claudioalves@blinfo.com.br', 'www.blinfo.com.br', 5, 100000.00, 'S', 2, 'Suporte Técnico, manutenç&atilde;o e outros serviços em Tecnologia da Informaç&atilde;o', 'Benízio Lázaro', 'bl@blinfo.com.br', 'Benízio lázaro', 'bl@blinfo.com.br', '424186', '52623718768', '(27)3343-0650', NULL, 'logo_bl.png', 'S', 'N'),
(2, 'V.G.A.SERVIÇOS LTDA - EPP', NULL, '02876379000123', 'Rua das Graças', 0, 'sala 03', 'Professora Ericina', 'Ibiraçu', 'ES', '29.670-000', '(27)2124-9900', NULL, 'americo@vgainfo.com.br', 'www.vgainfo.com.br', 25, 200000.00, 'S', 2, 'Serviços de Informática', 'Antônio Carlos Soella', 'soella@vgainfo.com.br', 'Américo Ferrari Júnior', 'americo@vgainfo.com.br', '442223', '65219830759', '(27)2124-9931', NULL, 'vga_informatica_logo.png', 'N', 'N'),
(3, 'AEQUUS CONSULTORIA S/C LTDA', NULL, '64185556000182', 'Rua Doutor Eurico de Aguiar', 888, 'salas 504 e 507', 'Santa Lucia', 'Vitória', 'ES', '29.056-200', '(27)3235-7546', NULL, 'alberto@aequus.com.br,aequus@aequus.com.br', 'www.aequus.com.br', NULL, 0.00, 'N', 1, NULL, 'Alberto Jorge Mendes Borges', 'alberto@aequus.com.br,aequus@aequus.com.br', 'Alberto Jorge Mendes Borges', 'alberto@aequus.com.br,aequus@aequus.com.br', NULL, NULL, NULL, NULL, 'aequus.png', 'S', 'N'),
(4, 'AEVO TECNOLOGIA DA INFORMAÇÃO LTDA', NULL, '08606340000172', 'Rua Humberto Balbi', 21, 'sala 208', 'Jardim Camburi', 'Vitória', 'ES', '29.092-080', '(27)3337-0137', NULL, 'luizfelipe.carvalho@aevo.com.br', 'www.aevo.com.br', NULL, 10000.00, 'N', 1, NULL, 'Luís Felipe Gomes Carvalho', 'luizfelipe.carvalho@aevo.com.br', 'Luís Felipe Gomes Carvalho', 'luizfelipe.carvalho@aevo.com.br', NULL, NULL, NULL, NULL, 'aevo_logo.png', 'S', 'N'),
(5, 'ALLWARE SOFTWARE LTDA - ME', NULL, '01277677000134', 'Av. Nossa Senhora dos Navegantes', 451, 'sala 1501', 'Enseada do Sua', 'Vitória', 'ES', '29.050-335', '(27)3227-0890', NULL, 'laysa@allware.com.br,alessandro@aevo.com.br', 'www.allware.com.br', NULL, 100000.00, 'S', 1, NULL, 'Laysa Christiane de Souza Andrade', 'laysa@allware.com.br,alessandro@aevo.com.br', 'Laysa Christiane de Souza Andrade', 'laysa@allware.com.br,alessandro@aevo.com.br', NULL, NULL, NULL, NULL, 'allware_logo.png', 'S', 'N'),
(6, 'AT3 - TECNOLOGIA LTDA', NULL, '07500066000190', 'Rua Professor Lobo', 382, 'STJ', 'Centro', 'Aracruz', 'ES', '29.190-062', '(27)3258-4661', NULL, 'jnnet@jnnet.com.br,financeiro@jnnet.com.br', NULL, NULL, 0.00, 'S', 1, NULL, 'Silvio Cacio', 'jnnet@jnnet.com.br,financeiro@jnnet.com.br', 'Silvio Cacio', 'jnnet@jnnet.com.br,financeiro@jnnet.com.br', NULL, NULL, NULL, NULL, NULL, 'S', 'N'),
(7, 'BITAVEL - TECNOLOGIA EM INFORMAÇÃO LTDA-ME', NULL, '03435874000160', 'Av. Maruipe', 2444, 'piso', 'Itararé', 'Vitória', 'ES', '29.045-230', '(27)3315-6492', NULL, 'anapaula@bitavel.com,falecom@bitavel.com', 'www.bitavel.com', NULL, 0.00, 'S', 1, NULL, 'Ana Paula Tongo', 'anapaula@bitavel.com,falecom@bitavel.com', 'Ana Paula Tongo', 'anapaula@bitavel.com,falecom@bitavel.com', NULL, NULL, NULL, NULL, 'bitavel_logo.png', 'S', 'N'),
(8, 'BRASP INFORMÁTICA LTDA ME', NULL, '39825260000131', 'Rua Eurico de Aguiar', 888, 'conjunto 502', 'Santa Lúcia', 'Vitória', 'ES', '29.056-200', '(27)2122-2700', NULL, 'jairo@brasp.com.br,miriani@brasp.com.br', 'www.brasp.com.br', NULL, 40000.00, 'N', 1, NULL, 'Jairo Aloir Zucolotto', 'jairo@brasp.com.br, miriani@brasp.com.br', 'Jairo Aloir Zucolotto', 'jairo@brasp.com.br, miriani@brasp.com.br', NULL, NULL, NULL, NULL, 'brasp_logo.png', 'S', 'N'),
(9, 'C.E.K. SISTEMAS E ASSISTÊNCIA TÉCNICA LTDA', NULL, '03011944000152', 'Rua Anacleto Ramos', 79, 'sala 01', 'Ferroviarios', 'Cachoeiro de Itapemirim', 'ES', '29.308-055', '(28)3515-2300', NULL, 'cacausuporte@hotmail.com', 'www.solucoesinfotec.com.br', NULL, 0.00, 'S', 1, NULL, 'Carlos Alberto Gardioli', 'cacausuporte@hotmail.com', 'Carlos Alberto Gardioli', 'cacausuporte@hotmail.com', NULL, NULL, NULL, NULL, 'infotec.png', 'S', 'N'),
(10, 'CHRONUS TECNOLOGIA E AUTOMAÇÃO LTDA', NULL, '36399418000160', 'Rua Taciano Abaurre', 225, 'salas 501 a 511', 'Enseada do Suá', 'Vitória', 'ES', '29.050-470', '(27)3357-4700', NULL, 'chronus@chronus.com.br', 'www.grupochronus.com.br', NULL, 0.00, 'N', 1, NULL, 'Patrícia Brunow', 'patricia@chronus.com.br', 'Patrícia Brunow', 'patricia@chronus.com.br', NULL, NULL, NULL, NULL, 'chronus_logo.png', 'S', 'N'),
(11, 'E & L PRODUÇÕES DE SOFTWARE LTDA', NULL, '39781752000172', 'Av. Koehler', 238, 'sem complemento', 'Centro', 'Domingos Martins', 'ES', '29.260-000', '(27)3268-3123', NULL, 'estevao.holz@el.com.br,cristina.almeida@el.com.br', 'www.el.com.br', NULL, 500000.00, 'N', 1, NULL, 'Estêvão Henrique Holz', 'estevao.holz@el.com.br,cristina.almeida@el.com.br', 'Estêvão Henrique Holz', 'estevao.holz@el.com.br,cristina.almeida@el.com.br', NULL, NULL, NULL, NULL, 'Eel.png', 'S', 'N'),
(12, 'E-BRAND ESTRATÉGIAS ON LINE LTDA - ME', NULL, '05086973000109', 'Av. Carlos Moreira Lima', 453, 'sem complemento', 'Bento Ferreira', 'Vitória', 'ES', '29.050-653', '(27)2104-0822', NULL, 'rafael@e-brand.com.br,gilber@e-brand.com.br', 'www.e-brand.com.br', NULL, 2000.00, 'N', 1, NULL, 'Rafael Tuguio Almenara Andaku', 'rafael@e-brand.com.br,gilber@e-brand.com.br', 'Rafael Tuguio Almenara Andaku', 'rafael@e-brand.com.br,gilber@e-brand.com.br', NULL, NULL, NULL, NULL, 'marca_ebrand_logo.png', 'S', 'N'),
(13, 'EBALMAQ COMÉRCIO E INFORMÁTICA LTDA', NULL, '27053735000130', 'Rua Antônio Aleixo', 71, 'sem complemento', 'Horto', 'Vitória', 'ES', '29.050-150', '(27)3200-3937', NULL, 'ebalmaq@ebalmaq.com.br', 'www.ebalmaq.com.br', NULL, 0.00, 'S', 1, NULL, 'Aloízio Sá dos Santos', 'ebalmaq@ebalmaq.com.br', 'Aloízio Sá dos Santos', 'ebalmaq@ebalmaq.com.br', NULL, NULL, NULL, NULL, 'ebalmaq2.png', 'S', 'N'),
(14, 'ECOSOFT CONSULTORIA E SOFTWARES AMBIENTAIS LTDA', NULL, '00940030000188', 'Rua das Palmeiras', 795, 'salas 1501 a 1508', 'Santa Lucia', 'Vitória', 'ES', '29.056-925', '(27)3325-8516', NULL, 'ecosoft@ecosoft.com.br', ' www.ecosoft.com.br', NULL, 0.00, 'N', 1, NULL, 'Zoroastro Pimenta', 'ecosoft@ecosoft.com.br', 'Zoroastro Pimenta', 'ecosoft@ecosoft.com.br', NULL, NULL, NULL, NULL, 'ecofsoft_logo_1.png', 'S', 'N'),
(15, 'EDUCO VITÓRIA SOFTWARE LTDA', NULL, '05967893000162', 'Rua Carlos Eduardo Monteiro de Lemos', 262, 'salas 301 a 305 e 204', 'Jardim da Penha', 'Vitória', 'ES', '29.060-120', '(27)2015-2400', NULL, 'eduardo.couto@totvs.com.br,larissa.soares@totvs.com.br', 'www.totvs.com.br', NULL, 650000.00, 'N', 1, NULL, 'Eduardo Soares Couto', 'eduardo.couto@totvs.com.br,larissa.soares@totvs.com.br', 'Eduardo Soares Couto', 'eduardo.couto@totvs.com.br,larissa.soares@totvs.com.br', NULL, NULL, NULL, NULL, 'educo_logo.png', 'S', 'N'),
(16, 'ETPI INFORMATICA E AUTOMACAO LTDA', NULL, '00436041000125', 'Rua Deocleciano de Oliveira', 26, 'sem complemento', 'Centro', 'Vitória', 'ES', '29.015-320', '(27)3223-3011', NULL, 'suhel.zogheib@etpi.com.br', NULL, NULL, 0.00, 'N', 1, NULL, 'Suhel Georges Zogheib', 'suhel.zogheib@etpi.com.br', 'Suhel Georges Zogheib', 'suhel.zogheib@etpi.com.br', NULL, NULL, NULL, NULL, NULL, 'N', 'N'),
(17, 'EXODUS INFORMÁTICA LTDA ME', NULL, '04710691000178', 'Av. Getúlio Vargas', 500, 'sala 504 - C.Shopping', 'Centro', 'Colatina', 'ES', '29.700-010', '(27)2101-1300', NULL, 'bonna@seer.info.br', 'www.seek.inf.br', NULL, 0.00, 'S', 1, NULL, 'José Antônio Bonna', 'bonna@seer.info.br', 'José Antônio Bonna', 'bonna@seer.info.br', NULL, NULL, NULL, NULL, 'exodus_logo.png', 'S', 'N'),
(18, 'FORMALIS INFORMÁTICA LTDA - ME', NULL, '07151904000167', 'Rua Jose Penna Medina', 159, 'salas 202 - Ed. Maria Josefina', 'Praia da Costa', 'Vila Velha', 'ES', '29.101-320', '(27)3062-8087', NULL, 'adm@formalis.com.br,carlos.mattos@fomalis.com.br', 'www.formalis.com.br', NULL, 90000.00, 'N', 1, NULL, 'Carlos Augusto Dias Mattos', 'adm@formalis.com.br , carlos.mattos@fomalis.com.br', 'Carlos Augusto Dias Mattos', 'adm@formalis.com.br , carlos.mattos@fomalis.com.br', NULL, NULL, NULL, NULL, 'formalis_logo.png', 'S', 'N'),
(19, 'FRJ-INFORMÁTICA LTDA', NULL, '00859695000161', 'Rua das Palmeiras', 795, 'salas 206 e 207', 'Santa Luiza', 'Vitória', 'ES', '29.047-550', '(27)3434-4000', NULL, 'qualidata@qualidata.com.br,jam@qualidata.com.br', 'www.qualidata.com.br', 23, 0.00, 'N', 1, NULL, 'João Alves da Motta', 'qualidata@qualidata.com.br , jam@qualidata.com.br', 'João Alves da Motta', 'qualidata@qualidata.com.br , jam@qualidata.com.br', NULL, NULL, NULL, NULL, 'qualidata.png', 'S', 'N'),
(20, 'GEOCONTROL INDUSTRIAL LTDA ME', NULL, '06138364000119', 'Rod Br 262', 5810, 'Km 5 - B - Fundos', 'Vila Palestina', 'Cariacica', 'ES', '29.145-711', '(27)3041-3333', NULL, 'livia.rh@geocontrol.com.br', NULL, NULL, 50000.00, 'S', 1, NULL, 'Livia Pereira Job', 'livia.rh@geocontrol.com.br', 'Livia Pereira Job', 'livia.rh@geocontrol.com.br', NULL, NULL, NULL, NULL, NULL, 'N', 'N'),
(21, 'GOVERNANÇABRASIL S/A TECNOLOGIA E GESTãO EM SERVIÇOS', NULL, '00165960001183', 'Rua João Pessoa de Mattos', 175, '2 andar - Ed. Sta. Odete', 'Praia da Costa', 'Vila Velha', 'ES', '29.101-115', '(27)3205-3740', NULL, 'govbr@govbr.com.br', 'www.govbr.com.br', NULL, 0.00, 'N', 1, NULL, 'Hélvio Augusto Candido', 'govbr@govbr.com.br', 'Hélvio Augusto Candido', 'govbr@govbr.com.br', NULL, NULL, NULL, NULL, 'govenancabrasil_logo.png', 'S', 'N'),
(22, 'HELPCENTER COMERCIO E SERVICOS LTDA.', NULL, '01562343000102', 'Rua Ary Siqueira', 45, 'sem complemento', 'Enseada do Sua', 'Vitória', 'ES', '29.055-040', '(27)3345-0185', NULL, 'aurea@helpcenter-vix.com.br,rogeriobastos@helpcenter-vix.com.br', NULL, NULL, 0.00, 'S', 1, NULL, 'Aurea Rosa', 'aurea@helpcenter-vix.com.br, rogeriobastos@helpcenter-vix.com.br', 'Aurea Rosa', 'aurea@helpcenter-vix.com.br, rogeriobastos@helpcenter-vix.com.br', NULL, NULL, NULL, NULL, 'helpcenter.png', 'N', 'N'),
(23, 'INFLOR CONSULTORIA E SISTEMAS LTDA', NULL, '04643363000104', 'Rua Dr. Eurico de Aguiar', 888, 'sala 1004', 'Santa Lucia', 'Vitória', 'ES', '29.056-200', '(27)2122-0855', NULL, 'lorena.zamperlini@inflor.com.br', 'www.inflor.com.br', NULL, 100000.00, 'N', 1, NULL, 'Enivanis de Abreu Vilela', 'lorena.zamperlini@inflor.com.br', 'Enivanis de Abreu Vilela', 'lorena.zamperlini@inflor.com.br', NULL, NULL, NULL, NULL, 'inflor_logo.png', 'S', 'N'),
(24, 'INFOSIS CONSULTORIA E SISTEMAS LTDA', NULL, '32391419000108', 'Av.Princesa Isabel', 574, 'salas 513 e 514, Bloco A', 'Centro', 'Vitória', 'ES', '29.010-360', '(27)3211-1445', NULL, 'julio@infosiscs.com,emilio@infosiscs.com', 'www.infosiscs.com', NULL, 170000.00, 'N', 1, NULL, 'Julio Cesar Samorini', 'julio@infosiscs.com, emilio@infosiscs.com', 'Julio Cesar Samorini', 'julio@infosiscs.com, emilio@infosiscs.com', NULL, NULL, NULL, NULL, 'infosis_logo.png', 'S', 'N'),
(25, 'INNET SOLUÇÕES LTDA', NULL, '11673813000169', 'Av. Cachoeiro de Itapemirim', 1661, 'sem complemento', 'Shell', 'Linhares', 'ES', '29.901-615', '(27)3371-7485', NULL, 'franco@innetsolucoes.com.br', 'www.innetsolucoes.com.br', NULL, 5000.00, 'N', 1, NULL, 'Franco de Barbi Cazelli', 'franco@innetsolucoes.com.br', 'Franco de Barbi Cazelli', 'franco@innetsolucoes.com.br', NULL, NULL, NULL, NULL, 'innet_logo.png', 'S', 'N'),
(26, 'INTEGRO CONSULTORES ASSOCIADOS LTDA', NULL, '02364447000175', 'Av. Leitao da Silva', 765, 'salas 101 e 102', 'Gurigica', 'Vitória', 'ES', '29.052-110', '(27)3325-4040', NULL, 'marcos@integro.inf.br', 'www.integro.inf.br', NULL, 0.00, 'N', 1, NULL, 'Marcos Barcelos Reggiani', 'marcos@integro.inf.br', 'Marcos Barcelos Reggiani', 'marcos@integro.inf.br', NULL, NULL, NULL, NULL, 'integro_logo.png', 'S', 'N'),
(27, 'JEVEAUX SOLUÇÕES E ENSINO LTDA.', NULL, '10727799000176', 'Rua Amélia Tartuce Nasser', 110, 'sem complemento', 'Jardim da Penha', 'Vitória', 'ES', '29.060-140', '(27)3026-0264', NULL, 'contato@giran.com.br', 'www.giran.com.br', NULL, 20000.00, 'S', 1, NULL, 'Paulo Cesar Machado Jeveaux', 'contato@giran.com.br', 'Paulo Cesar Machado Jeveaux', 'contato@giran.com.br', NULL, NULL, NULL, NULL, 'giran.png', 'S', 'N'),
(28, 'JNNET TELECOMUNICAÇÕES LTDA-EPP', NULL, '07687904000186', 'Av. Presidente Vargas', 343, 'sala 202', 'Centro', 'João Neiva', 'ES', '29.680-000', '(27)3258-4661', NULL, 'jnnet@jnnet.com.br', 'www.jnnet.com.br', NULL, 20000.00, 'S', 1, NULL, 'Silvio Cacio', 'jnnet@jnnet.com.br', 'Silvio Cacio', 'jnnet@jnnet.com.br', NULL, NULL, NULL, NULL, 'jnnet_logo.png', 'S', 'N'),
(29, 'JOSE RICARDO ALTOE ME', NULL, '04065234000178', 'Av. Graciano Neves', 185, '7 andar', 'Centro', 'São Gabriel da Palha', 'ES', '29.780-000', '(27)3727-8800', NULL, 'josericardo@atualsistemas.net', 'www.atualsistemas.net', NULL, 30000.00, 'S', 1, NULL, 'Jose Ricardo Altoe', 'josericardo@atualsistemas.net,gabriela@atualsistemas.net', 'Jose Ricardo Altoe', 'josericardo@atualsistemas.net,gabriela@atualsistemas.net', NULL, NULL, NULL, NULL, 'atual_sistemas_logo.png', 'S', 'N'),
(30, 'LEXDATA SERVIÇOS LTDA ME', NULL, '01794180000193', 'Rua Professora Zilda Andrade', 195, 'Pav. 2 e 3', 'De Lourdes', 'Vitória', 'ES', '29.042-751', '(27)2123-5775', NULL, 'renata.pereira@lexdata.com.br,carolina.athayde@lexdata.com.br', 'www.lexdata.com.br', NULL, 70000.00, 'S', 1, NULL, 'Antônio Vazzoler', 'renata.pereira@lexdata.com.br,carolina.athayde@lexdata.com.br', 'Antônio Vazzoler', 'renata.pereira@lexdata.com.br,carolina.athayde@lexdata.com.br', NULL, NULL, NULL, NULL, 'lexdata_logo.png', 'S', 'N'),
(31, 'LOGOS NET SERVIÇOS COMUNICAÇÃO LTDA', NULL, '02845299000100', 'Rua Milagres Junior', 75, 'sem complemento', 'Centro', 'Baixo Guandú', 'ES', '29.730-000', '(27)3732-2040', NULL, 'clovisficab@hotmail.com', 'www.logosnet.com.br', NULL, 15000.00, 'N', 1, NULL, 'Clovis Rodrigues', 'clovisficab@hotmail.com', 'Clovis Rodrigues', 'clovisficab@hotmail.com', NULL, NULL, NULL, NULL, NULL, 'S', 'N'),
(32, 'MANTIS TECNOLOGIA LTDA ME', NULL, '12356001000152', 'Rua das Palmeiras', 795, 'sala 2, Ed. Palm Center', 'Santa Lucia', 'Vitória', 'ES', '29.056-925', '(27)3019-1166', NULL, 'naor@mantistec.com.br,vanda@mantistec.com.br,', 'www.mantistec.com.br', NULL, 50000.00, 'S', 1, NULL, 'Naor Alves de Lima', 'naor@mantistec.com.br,vanda@mantistec.com.br,', 'Naor Alves de Lima', 'naor@mantistec.com.br,vanda@mantistec.com.br,', NULL, NULL, NULL, NULL, 'mantis_logo.png', 'S', 'N'),
(33, 'MD SISTEMAS DE COMPUTAÇÃO LTDA', NULL, '39270012000171', 'Rua Judith Maria Tovar Varejão', 390, 'sem complemento', 'Enseada do Suá', 'Vitória', 'ES', '29.050-360', '(27)2122-6300', NULL, 'comercial@mdsistemas.com.br', 'www.senior-es.com.br', NULL, 0.00, 'N', 1, NULL, 'Maurício Medeiros', 'comercial@mdsistemas.com.br ', 'Maurício Medeiros', 'comercial@mdsistemas.com.br ', NULL, NULL, NULL, NULL, 'senior_logo.png', 'S', 'N'),
(34, 'MD TECNOLOGIA DA INFORMAÇÃO LTDA', NULL, '06315647000199', 'Rua Judite Maria Tovar Varejão', 390, 'sem complemento', 'Enseada do Suá', 'Vitória', 'ES', '29.050-360', '(27)2122-6300', NULL, 'carlos.augusto@senior-es.com.br,financeiro@senior-es.om.br', 'www.mdsistemas.com.br', NULL, 0.00, 'N', 1, NULL, 'Carlos Augusto Ferreira', 'carlos.augusto@senior-es.com.br,financeiro@senior-es.om.br', 'Carlos Augusto Ferreira', 'carlos.augusto@senior-es.com.br,financeiro@senior-es.om.br', NULL, NULL, NULL, NULL, 'md_sistemas_logo.png', 'S', 'N'),
(35, 'MEGAWORK CONSULTORIA E SISTEMAS LTDA', NULL, '04351954000108', 'Rua Chapot Presvot', 401, 'salas 201 e 202 Ed. Betha, Lado A', 'Praia do Canto', 'Vitória', 'ES', '29.055-410', '(27)3315-2370', NULL, 'ricardo.nali@megawork.com.br', 'www.megawork.com.br', NULL, 2000.00, 'N', 1, NULL, 'Alexandro Martins', 'ricardo.nali@megawork.com.br', 'Alexandro Martins', 'ricardo.nali@megawork.com.br', NULL, NULL, NULL, NULL, 'megawork_logo.png', 'S', 'N'),
(36, 'MOGAI TECNOLOGIA DE INFORMAÇÃO LTDA - EPP', NULL, '02302296000120', 'Rua Italina Pereira Motta', 190, 'sem complemento', 'Jardim Camburi', 'Vitória', 'ES', '29.090-370', '(27)3337-1818', NULL, 'fmachado@mogai.com.br', 'www.mogai.com.br', NULL, 85000.00, 'N', 1, NULL, 'Alamir Costa Louro', 'fmachado@mogai.com.br', 'Alamir Costa Louro', 'fmachado@mogai.com.br', NULL, NULL, NULL, NULL, 'mogai_logo.png', 'S', 'N'),
(37, 'MR CONSULTORIA E SISTEMAS LTDA', NULL, '05339132000166', 'Jones dos Santos Neves', 20, 'loja 07', 'Santo Antonio', 'Cachoeiro de Itapemirim', 'ES', '29.300-500', '(28)3371-1122', NULL, 'roubledo@mrsistemas.com', 'www.mrsistemas.com', NULL, 0.00, 'N', 1, NULL, 'Roubledo Damian Gasoni', 'roubledo@mrsistemas.com', 'Roubledo Damian Gasoni', 'roubledo@mrsistemas.com', NULL, NULL, NULL, NULL, 'mr_logo.png', 'S', 'N'),
(38, 'MULTISOL SERVIÇOS LTDA', NULL, '05380205000163', 'Av. Nossa Senhora da Penha', 595, 'sala 814, Torre 1', 'Santa Lúcia', 'Vitória', 'ES', '29.055-131', '(27)3205-3740', NULL, 'multiconecta@multiconecta.com.br', NULL, NULL, 15000.00, 'S', 1, NULL, 'João Osvaldo', 'multiconecta@multiconecta.com.br', 'João Osvaldo', 'multiconecta@multiconecta.com.br', NULL, NULL, NULL, NULL, 'logo-multiconecta.png', 'S', 'N'),
(39, 'POLARIS INFORMÁTICA LTDA', NULL, '01310330000146', 'Rua das Palmeiras', 710, 'salas 201 e 202', 'Santa Lúcia', 'Vitória', 'ES', '29.056-210', '(27)3227-2375', NULL, 'polaris@polaris-es.com.br', 'www.polaris-es.com.br', NULL, 30000.00, 'N', 1, NULL, 'Domingos Sávio de Almeida Pinto', 'polaris@polaris-es.com.br', 'Domingos Sávio de Almeida Pinto', 'polaris@polaris-es.com.br', NULL, NULL, NULL, NULL, 'palaris_logo.png', 'S', 'N'),
(41, 'PROJETA TECNOLOGIA LTDA', NULL, '07180440000117', 'Rua Doutor Eurico de Aguiar', 888, 'sala 1302', 'Santa Lucia', 'Vitória', 'ES', '29.056-200', '(27)3026-5959', NULL, 'pedro@projetasistemas.com.br', 'www.projetasistemas.com.br', NULL, 0.00, 'S', 1, NULL, 'Pedro Henrique Nonnato Coutinho', 'pedro@projetasistemas.com.br', 'Pedro Henrique Nonnato Coutinho', 'pedro@projetasistemas.com.br', NULL, NULL, NULL, NULL, 'projeta_logo.png', 'S', 'N'),
(42, 'RAIZER MOURA TECNOLOGIA LTDA - ME', NULL, '07799930000104', 'Rua Elias Daher', 120, 'sem complemento', 'Enseada do Suá', 'Águia Branca', 'ES', '29.056-220', '(27)3324-9005', NULL, 'luciano@raizermoura.com.br', 'www.raizermoura.com.br', NULL, 4000.00, 'N', 2, NULL, 'Luciano Raizer Moura', 'luciano@raizermoura.com.br', 'Luciano Raizer Moura', 'luciano@raizermoura.com.br', NULL, NULL, NULL, NULL, 'raizer.png', 'S', 'N'),
(43, 'SPASSU TECNOLOGIA E SERVIÇOS LTDA', NULL, '39273768000174', 'Av. Princesa Isabel', 629, 'sala 602', 'Centro', 'Vitória', 'ES', '29.010-904', '(27)2123-4900', NULL, 'malini@spassu.com.br,macedo@spassu.com.br', 'www.spassu.com.br', NULL, 0.00, 'N', 1, NULL, 'Marcos Maurício de Macedo', 'malini@spassu.com.br,macedo@spassu.com.br', 'Marcos Maurício de Macedo', 'malini@spassu.com.br,macedo@spassu.com.br', NULL, NULL, NULL, NULL, 'spassu_logo.png', 'S', 'N'),
(44, 'SPIRIT SOLUÇÕES EM INFORMÁTICA LTDA', NULL, '06977978000194', 'Av. Nossa Senhora da Penha', 2550, 'sala 301, Ed. Luziane', 'Santa Luiza', 'Vitória', 'ES', '29.045-402', '(27)4062-9421', NULL, 'michelle@spiritlinux.com.br', 'www.spiritlinux.com.br', NULL, 0.00, 'S', 1, NULL, 'Michelle Ribeiro e Silva', 'michelle@spiritlinux.com.br', 'Michelle Ribeiro e Silva', 'michelle@spiritlinux.com.br', NULL, NULL, NULL, NULL, 'spiritit.png', 'S', 'N'),
(45, 'TECTRILHA INFORMATICA LTDA ME', NULL, '05565222000175', 'Av. Nossa Senhora da Penha', 250, 'salas 604 a 607', 'Santa Helena', 'Vitória', 'ES', '29.055-050', '(27)3345-0205', NULL, 'tectrilha@tectrilha.com.br', 'www.Tectrilha.com.br', NULL, 3000.00, 'N', 1, NULL, 'Leonardo Hees Drummond', 'leonardo@tectrilha.com.br ', 'Leonardo Hees Drummond', 'tectrilha@tectrilha.com.br ', NULL, NULL, NULL, NULL, 'tetctrilha.png', 'S', 'N'),
(46, 'TOTALE TECNOLOGIA DA INFORMAÇÃO LTDA ME', NULL, '11749778000114', 'Rua Des. Euripedes Q do Valle', 640, 'salas 08 e 09', 'Jardim Camburi', 'Vitória', 'ES', '29.165-130', '(27)3026-8848', NULL, 'cristina@totale.com.br', 'www.totale.com.br', NULL, 15000.00, 'N', 1, NULL, 'Cristina F. M. Barim', 'cristina@totale.com.br', 'Cristina F. M. Barim', 'cristina@totale.com.br', NULL, NULL, NULL, NULL, 'totale_logo.png', 'S', 'N'),
(47, 'TS TECNOLOGIA E SERVICOS LTDA ME', NULL, '04957172000109', 'Rua Guiana', 7, 'lojas 03 e 04', 'Jardim America', 'Cariacica', 'ES', '29.140-250', '(27)3213-0777', NULL, 'atendimento@tstecnologia.com.br', 'www.tstecnologia.com.br', NULL, 25000.00, 'S', 1, NULL, 'Jaqueline Pacheco Moreira', 'atendimento@tstecnologia.com.br', 'Jaqueline Pacheco Moreira', 'atendimento@tstecnologia.com.br', NULL, NULL, NULL, NULL, 'tst_logo.png', 'N', 'N'),
(48, 'VGA INFORMÁTICA LTDA', NULL, '36369692000197', 'Rua Elesbão Linhares', 15, 'sala 3, Pavimento 1', 'Praia do Canto', 'Vitória', 'ES', '29.055-170', '(27)2124-9900', NULL, 'soella@vgainfo.com.br', 'www.vgainfo.com.br', NULL, 0.00, 'N', 1, NULL, 'Américo Ferrari Júnior', 'soella@vgainfo.com.br', 'Américo Ferrari Júnior', 'soella@vgainfo.com.br', NULL, NULL, NULL, NULL, 'vga_informatica_logo.png', 'N', 'N'),
(49, 'VIXTEAM CONSULTORIA & SISTEMAS LTDA', NULL, '02960701000106', 'Av. Jeronimo Monteiro', 1000, 'salas 314 a 316, Ed. Trade Center', 'Jardim da Penha', 'Vitória', 'ES', '29.010-935', '(27)3331-3100', NULL, 'marcello@vixteam.com.br', 'www.vixteam.com.br', NULL, 0.00, 'N', 1, NULL, 'Marcello Martins Alves de Siqueira', 'marcello@vixteam.com.br', 'Marcello Martins Alves de Siqueira', 'marcello@vixteam.com.br', NULL, NULL, NULL, NULL, 'vixteam_06072012.png', 'S', 'N'),
(50, 'JOSÉ LUIZ COCO ME', 'Estaç&#227;ovix', '11168620000150', 'Rua Telef&#245;nica', 148, 'sem complemento', 'Santo André', 'Cariacica', 'ES', '29.144-775', '(27)9837-8664', NULL, 'comercial@estacaovix.com.br', 'www.estacaovix.com.br', 0, 10000.00, 'S', 1, 'Desenvolvimento de Programas de Computador sob encomenda', 'José Luiz Coco', 'comercial@estacaovix.com.br', 'José Luiz Coco', 'comercial@estacaovix.com.br', NULL, NULL, NULL, NULL, 'estacaovix_logo.png', 'S', 'N'),
(51, 'MPS SERVIÇOS LTDA - ME', 'Telemasters', '12335945000143', 'Rua Desembargador Sampaio', 204, 'Ed. Moon Flower - Loja 02', 'Praia do Canto', 'Águia Branca', 'ES', '29.055-250', '(27)3134-9292', NULL, 'diretoria@telemasters.com.br', 'www.telemasters.com.br', 24, 20000.00, 'S', 2, 'Reparação;o e manutenção,o de equipamentos de comunicaç&#227;o', 'Leonardo Rodrigo Nascimento', 'art.dpessoal@veloxmail.com.br', 'Leonardo Rodrigo Nascimento', 'leonardo@telemasters.com.br', NULL, '07877752741', '(27)3038-0600', NULL, 'telemasters.png', 'S', 'N'),
(52, 'M2 SOLUÇÕES DE INFORMÁTICA E PLANEJAMENTO DE MARKETING LTDA - ME', 'Cyber Two', '06205525000140', 'Rua Carolina Leal', 553, 'sem complemento', 'Jaburuna', 'Vila Velha', 'ES', '29.123-220', '(27)3421-3000', NULL, 'administrativo@tkg.com.br', 'www.cybertwo.com.br', 10, 5000.00, 'S', 2, 'Reparaç&#227;o e manutenç&#227;o de computadores e de equipamentos periféricos', 'Roberto Carlos Pinto', 'roberto@cyber2.com.br', 'Luciana Brites de Lima', 'luciana2@cyber2.com.br', NULL, '08052365708', '(27)9276-0464', NULL, 'CyberTwo_Lg.png', 'S', 'N'),
(53, 'ÚNICO COMUNICAÇÃO VIRTUAL DE CONTEÚDO ELETRÔNICO LTDA', 'Ag&#234;ncia Único', '08014587000108', 'Av. Nossa Senhora da Penha', 1255, 'Sala 405', 'Santa Lúcia', 'Águia Branca', 'ES', '29.056-243', '(27)3074-7233', '(27)3207-2455', 'atendimento@agenciaunico.com.br', 'www.agenciaunico.com.br', 10, 5000.00, 'S', 2, 'Portais, provedores de conteúdo e outros serviços de informaç&#227;o na internet', 'Thiago Murad Sudré', 'tsudre@agenciaunico.com.br', 'Thiago Murad Sudré', 'tsudre@agenciaunico.com.br', NULL, '09881862760', '(27)8821-5671', NULL, 'unico.jpg', 'S', 'N'),
(54, 'EBR TELECOMUNICAÇ&#213;ES LTDA - ME', 'EBR Telecom', '05301372000171', 'Rua Jayme Martins', 85, '2&#186; Pavimento', 'Praia do Canto', 'Vitória', 'ES', '29.055-610', '(27)2122-2122', NULL, 'elton@ebr.net.br', NULL, 1, 50000.00, 'S', 2, '61.10-8', 'Tatiana Almeida Gomes', 'tatiana@ebr.net.br', 'Elton Lacoutr de Moraes', 'elton@ebr.net.br', NULL, NULL, '(27)2122-2122', NULL, 'ebrnet.png', 'S', 'N'),
(55, 'EBR INTERNET LTDA', 'EBR Net', '05928308000115', 'Rua Jayme Martins', 85, 'sem complemento', 'Praia do Canto', 'Vitória', 'ES', '29.055-610', '(27)2122-2122', '(27)2122-2122', 'elton@ebr.net.br', NULL, 23, 50000.00, 'S', 2, 'Comércio varejista especializado de equipamentos e suprimentos de informática ', 'Tatiana Almeida Gomes', 'tatiana@ebr.net.br', 'Elton Lacoutr de Moraes', 'elton@ebr.ner.br', NULL, NULL, '(21)2122-2122', NULL, 'ebrnet.png', 'S', 'N'),
(56, 'NEXA TECNOLOGIA & OUTSOURCING LTDA', 'Nexa Tecnologia & Outsourcing Ltda', '00412839000137', 'Rua Elesb&#227;o Linhares', 15, 'Sala 4 - 2&#186; Pavimento', 'Praia do Canto', 'Águia Branca', 'ES', '29.055-340', '(27)2104-8000', NULL, 'nexa@nexa.com.br', 'www.nexa.com.br', 185, 2000000.00, 'N', 4, '62.09-1', 'Brunela Faria Monjardim Barroso', 'brunela@nexa.com.br', 'José Luiz Campagnato', 'nexa@nexa.com.br', '387860', '47144580787', '(27)2104-8000', NULL, 'nexa.png', 'S', 'N'),
(57, 'EBR INFORMÁTICA LTDA - ME', 'EBR Informática', '00471293000195', 'Rua Jo&atilde;o da Cruz', 250, 'Loja 09 - 2 Pavimento - Ed. Play Station', 'Praia do Canto', 'Vitória', 'ES', '29.055-620', '(27)2122-2122', NULL, 'elton@ebr.net.br', NULL, 1, 50000.00, 'N', 2, '61.90-6', 'Elton Lacourt de Moraes', 'elton@ebr.net.br', 'Elton Lacourt de Moraes', 'elton@ebr.net.br', '329569', '78803772715', '(27)2122-2122', NULL, 'ebrnet.png', 'S', 'N'),
(58, 'TEAM SOFTWARE LTDA. ME', 'TEAM', '05385666000129', 'Av. Jeronimo Monteiro', 1000, 'Edif. Trade Center - Sala316', 'Centro', 'Vitória', 'ES', '29.010-002', '(27)3331-3100', NULL, 'falecom@vixteam.com.br', NULL, 10, 9000.00, 'S', 4, '62.01-5', 'Marcello Martins Alves de Siqueira', 'marcello@vixteam.com.br', 'Wagner Regiani Netto', 'wagner@vixteam.com.br', '1013812', '00792339978', '(27)3333-3119', NULL, 'vixteam_06072012[1].png', 'S', 'N'),
(59, 'SPG - NEGOCIOS DE INFORMÁTICA E TELECOMUNICAÇ&Otilde;S LTDA', 'SPG Soluç&otilde;es em TI', '31698533000112', 'Av. Nossa Senhora dos Navegantes', 451, 'S/ 610 a 615,713,1901 a 1907 -Ed. Petro Tower', 'Enseada do Suá', 'Vitória', 'ES', '29.050-335', '(27)2123-1987', NULL, 'antonio.poyares@spgsolucoes.com.br', 'www.spgsolucoes.com.br', 5, 100000.00, 'N', 3, '62.01-5', 'Antonio Carlos Alves Poyares', 'antonio.poyares@spgsolucoes.com.br', 'Antonio Carlos Alves Poyares', 'antonio.poyares@spgsolucoes.com.br', '266073', '32482922704', '(27)9309-2963', NULL, 'spg.png', 'S', 'N'),
(60, 'TECSYSTEM TECNOLOGIA EM SOFTWARE LTDA - EPP', NULL, '07829326000175', 'Rua Horácio Piassi', 50, 'sem complemento', 'Santa Barbara', 'Castelo', 'ES', '29.360-000', '(28)3542-1429', NULL, 'tecsystem@tecsystem.com.br', 'www.tecsystem.com.br', 3, 100000.00, 'N', 2, '62.03-1', 'Marco Aurélio Ramiro', 'marcoramiro@tecsystem.com.br', 'Marco Aurélio Ramiro', 'marcoramiro@tecsystem.com.br', '1350874', '0703984726', '(28)3542-1429', NULL, 'Tecsystem.png', 'S', 'N'),
(62, 'PENTAGO CONSULT BRASIL TECNOLOGIA E NEGÓCIOS LTDA EPP', 'Pentago Tecnologia', '09613768000105', 'Av. Desembargador Dermeval Lyrio', 364, 'sala 102', 'Mata da Praia', 'Vitória', 'ES', '29.065-340', '(27)3325-6828', NULL, 'pentago@pentago.com.br', 'www.pentago.com.br', 31, 275000.00, 'N', 2, 'Desenvolvimento de programas de computador sob encomenda', 'Rosana Melgaço Lopes', 'rosana@pentago.com.br', 'Ivan de Vargas Lopes Junior', 'ivan@pentago.com.br', NULL, NULL, '(27)9293-6632', NULL, 'pentago.png', 'S', 'N'),
(63, 'GERPOS SISTEMS LTDA', 'Gerpos Sistemas', '05465884000173', 'Rua Edmundo Ramos', 303, 'sem complemento', 'Novo Parque', 'Cachoeiro de Itapemirim', 'ES', '29.309-040', '(28)2102-1692', NULL, 'info@gerpos.com.br', 'www.gerpos.com.br', 0, 12.00, 'N', 2, 'Desenvolvimento de programas de computador n&#227;o customizaveis', 'Lionda Lima Morelli', 'liondamorelli@gerpos.com.br', 'Lionda Lima Morelli', 'liondamorelli@gerpos.com.br', NULL, NULL, '(28)9885-3521', 'o3v1a9', NULL, 'S', 'N'),
(64, 'LUIS CASSIO COUTINHO DOS SANTOS 00684980207', 'FALCON TECNOLOGIA', '11577119000148', 'psg bom sossego', 510, 'b', 'COQUEIRO', 'Águia Branca', 'PA', '67.120-120', '(91)8270-4967', NULL, 'www.luiscassio@hotmail.com', 'www.conexaogospel.tk', 1, 50000.00, 'S', 0, '95.11-8', 'LUIS CÁSSIO', 'www.luiscassio@hotmail.com', 'cassio', 'www.luiscassio@hotmail.com', NULL, NULL, '(91)8742-7557', NULL, NULL, 'N', 'S'),
(65, 'TREVIT SISTEMAS LTDA - EPP', 'TREVIT', '06035419000165', 'Av. Anisio Fernandes Coleho', 1301, '4&#186; andar -Ed.Vitória Plaza', 'Jardim da Penha', 'Vitória', 'ES', '29.060-670', '(27)3185-2990', '(27)3185-2990', 'faleconosco@trevit.com.br', 'www.trevit.com.br', 30, 9006.00, 'N', 3, 'Desenvolvimento de programas de computador sob encomenda', 'Nilton Gonçalves Pereira ', 'niltonpereira@trevit.com.br', 'Jefferson Elias Ayub', 'jeffersonayub@trevit.com.br', '33315331', '58604960600', '(27)3185-2953', 'r5l8y8', 'TREVIT - Logomarca.png', 'S', 'N'),
(66, 'LINUX INFORMÁTICA LTDA', 'Soluç&#245;es Informática', '03982599000102', 'Rua Pedro Botti', 42, 'sem complemento', 'Consolaç&#227;o', 'Vitória', 'ES', '29.045-453', '(27)3205-4800', NULL, 'comercial@sistemaautomotivo.com', 'www.sistemaautomotivo.com', 27, 1000.00, 'S', 2, 'Desenvolvimento e licenciamento de programas de computador n&#227;o-customizáveis ', 'Eduardo Ribeiro Barbosa', 'diretoria@sistemaautomotivo.com', 'Solivam Freire de Andrade', 'diretoria@sistemaautomotivo.com', NULL, NULL, '(27)8134-1676', 'o1m2g6', 'logo_solucoes_140x40_fundobranco.fw.png', 'S', 'N'),
(67, 'CSI - CENTRO DE SOLUÇ&Otilde;ES EM INFORMÁTICA LTDA', 'CSI', '36415149000189', 'Av. Cesar Hilal', 1325, 'Loja 02 e 03', 'Santa Lúcia', 'Vitória', 'ES', '29.056-085', '(27)3204-5111', '(27)3204-5111', 'csi@csiway.com.br', 'www.csiway.com.br', 50, 900.00, 'N', 2, 'Desenvolvimento de programas de computador sob encomenda ', 'Almir da Luz Ramos Dias', 'almir@csiway.com.br', 'Roselene Carone', 'rosi@csiway.com.br', NULL, NULL, '(27)3204-5111', 'l2b8s3', 'logo_csi-centro-de-solucoes-em-informatica.png', 'S', 'N'),
(68, 'MINDWORKS INFORMÁTICA LTDA.', 'MINDWORKS', '03354844000129', 'Rua José Alexandre Buaiz', 160, 'Ed.London Office Tower', 'Enseada do Sua', 'Vitória', 'ES', '29.050-545', '(27)3015-1800', '(27)3015-1800', 'fabrine.santos@mindworks.com.br', 'www.mindworks.com.br', 56, 250000.00, 'N', 2, 'Consultoria Técnica em Informática', 'Niase Borjaille Ferreira', 'niase@mindworks.com.br', 'Niase Borjaille Ferreira', 'niase@mindworks.com.br', NULL, NULL, '(27)3015-1812', NULL, 'mindworks.png', 'S', 'N'),
(69, 'ERP Innovation Informática', 'ERPI', '12349305000273', 'Rua Prof Almeida Cousin', 125, 'Sala 403', 'Enseada do Suá', 'Vitória', 'ES', '29.050-565', '(27)3014-1460', NULL, 'erpi@erpi.com.br', 'www.erpi.com.br', 4, 100.00, 'N', 2, '62.04-0', 'Patrícia Rodrigues', 'patricia.rodrigues@erpi.com.br', 'Roberto Rodrigues Junior', 'erpi@erpi.com.br', NULL, NULL, '(27)3014-1460', 'w2l4a1', NULL, 'S', 'N'),
(70, 'SLE CONSULTORIA E DESENVOLVIMENTO DE SISTEMAS LTDA', 'SLE', '01858618000150', 'Av. Fernando Ferrari', 1080, 'Sala 304 a 306', 'Mata da Praia', 'Vitória', 'ES', '29.066-380', '(27)3357-3450', NULL, 'mileneandrade@sle.com.br', 'www.sle.com.br', 250, 1000000.00, 'N', 2, 'Desenvolvimento de programa de  computador sobre encomenda', 'Milene de Andrade de Oliveira', 'mileneandrade@sle.com.br', 'Luiz Eduardo Alvarenga', 'luizeduardo@sle.com.br', '17959348', '13016328801', '(27)3357-3450', 'v9e7g0', 'logo SLE.PNG', 'S', 'N');

-- --------------------------------------------------------

--
-- Estrutura da tabela `bl_boleto`
--

CREATE TABLE IF NOT EXISTS `bl_boleto` (
  `bol_id` int(10) NOT NULL auto_increment COMMENT 'identifica um boleto com exclusividade',
  `ass_id` int(10) NOT NULL COMMENT 'FK - liga o boleto a associada',
  `bol_titulo` varchar(100) NOT NULL,
  `bol_endereco` tinytext NOT NULL COMMENT 'armazena caminho para o boleto salvo no diretorio correspondente à associada',
  `contar` int(11) NOT NULL,
  PRIMARY KEY  (`bol_id`),
  KEY `ass_id` (`ass_id`)
) ENGINE=InnoDB  DEFAULT CHARSET=latin1 AUTO_INCREMENT=4 ;

--
-- Extraindo dados da tabela `bl_boleto`
--

INSERT INTO `bl_boleto` (`bol_id`, `ass_id`, `bol_titulo`, `bol_endereco`, `contar`) VALUES
(2, 1, 'Boletos-2012', 'bl2012.rar', 22),
(3, 49, 'Boletos-2012', 'vixteam2012.rar', 2);

-- --------------------------------------------------------

--
-- Estrutura da tabela `bl_certidao`
--

CREATE TABLE IF NOT EXISTS `bl_certidao` (
  `cer_id` int(4) NOT NULL auto_increment COMMENT 'identifica a certidão de forma exclusiva',
  `cer_sindicato_codigo` int(2) NOT NULL COMMENT 'armazena o codigo do sindicato (CAS), compõe o código simplificado da certidao',
  `ass_id` int(10) NOT NULL COMMENT 'armazena o cnpj do associado, ligação com a tabela de associados',
  `cer_data_emissao` date NOT NULL COMMENT 'armazena a data de emissão da certidão',
  `cer_data_validade` date NOT NULL COMMENT 'armazena a data final de validade da certidão',
  `cer_prod_unico` text NOT NULL COMMENT 'armazena dados sobre o produto unico',
  `cer_prod_inf_adcionais` text COMMENT 'armazena informacoes sobre o sistema ao qual esta integrado o produto',
  PRIMARY KEY  (`cer_id`),
  KEY `ass_id` (`ass_id`)
) ENGINE=InnoDB  DEFAULT CHARSET=latin1 AUTO_INCREMENT=4 ;

--
-- Extraindo dados da tabela `bl_certidao`
--

INSERT INTO `bl_certidao` (`cer_id`, `cer_sindicato_codigo`, `ass_id`, `cer_data_emissao`, `cer_data_validade`, `cer_prod_unico`, `cer_prod_inf_adcionais`) VALUES
(1, 25, 1, '2012-02-10', '2012-05-10', 'SITE PERSONALIZADO PARA EMPRESAS DE PEQUENO E MÉDIO PORTE', 'SISTEMA DE INTEGRAÇ&#195;O DE EMPRESAS'),
(2, 25, 2, '2012-02-14', '2012-05-14', 'web site', 'em territorio nacional'),
(3, 25, 19, '2012-09-28', '2012-12-27', 'Q-ACAD&#202;MICO(Sistema de Gest&#227;o Acad&#234;mico),Q-SELEÇ&#195;O (Sistema de Gest&#227;o de Processo Seletivo)e Q-BIBLIO (Sistema de Gest&#227;o de Biblioteca), Q-Integraç&#227;o com Moodle.', NULL);

-- --------------------------------------------------------

--
-- Estrutura da tabela `bl_cnae`
--

CREATE TABLE IF NOT EXISTS `bl_cnae` (
  `cnae_id` smallint(6) NOT NULL auto_increment,
  `cnae_secao` char(1) NOT NULL,
  `cnae_divisao` int(3) NOT NULL,
  `cnae_grupo` varchar(4) NOT NULL,
  `cnae_classe` varchar(7) NOT NULL,
  `cnae_denominacao` mediumtext NOT NULL,
  PRIMARY KEY  (`cnae_id`),
  UNIQUE KEY `cnae_classe` (`cnae_classe`)
) ENGINE=InnoDB  DEFAULT CHARSET=utf8 AUTO_INCREMENT=675 ;

--
-- Extraindo dados da tabela `bl_cnae`
--

INSERT INTO `bl_cnae` (`cnae_id`, `cnae_secao`, `cnae_divisao`, `cnae_grupo`, `cnae_classe`, `cnae_denominacao`) VALUES
(2, 'A', 1, '01.1', '01.11-3', 'Cultivo de cereais'),
(3, 'A', 1, '01.1', '01.12-1', 'Cultivo de algodão herbáceo e de outras fibras de lavoura temporária'),
(4, 'A', 1, '01.1', '01.13-0', 'Cultivo de cana-de-açúcar'),
(5, 'A', 1, '01.1', '01.14-8', 'Cultivo de fumo'),
(6, 'A', 1, '01.1', '01.15-6', 'Cultivo de soja'),
(7, 'A', 1, '01.1', '01.16-4', 'Cultivo de oleaginosas de lavoura temporária, exceto soja'),
(8, 'A', 1, '01.1', '01.19-9', 'Cultivo de plantas de lavoura temporária não especificadas anteriormente'),
(9, 'A', 1, '01.2', '01.21-1', 'Horticultura'),
(10, 'A', 1, '01.2', '01.22-9', 'Cultivo de flores e plantas ornamentais'),
(11, 'A', 1, '01.3', '01.31-8', 'Cultivo de laranja'),
(12, 'A', 1, '01.3', '01.32-6', 'Cultivo de uva'),
(13, 'A', 1, '01.3', '01.33-4', 'Cultivo de frutas de lavoura permanente, exceto laranja e uva'),
(14, 'A', 1, '01.3', '01.34-2', 'Cultivo de café'),
(15, 'A', 1, '01.3', '01.35-1', 'Cultivo de cacau'),
(16, 'A', 1, '01.3', '01.39-3', 'Cultivo de plantas de lavoura permanente não especificadas anteriormente'),
(17, 'A', 1, '01.4', '01.41-5', 'Produção de sementes certificadas'),
(18, 'A', 1, '01.4', '01.42-3', 'Produção de mudas e outras formas de propagação vegetal, certificadas'),
(19, 'A', 1, '01.5', '01.51-2', 'Criação de bovinos'),
(20, 'A', 1, '01.5', '01.52-1', 'Criação de outros animais de grande porte'),
(21, 'A', 1, '01.5', '01.53-9', 'Criação de caprinos e ovinos'),
(22, 'A', 1, '01.5', '01.54-7', 'Criação de suínos'),
(23, 'A', 1, '01.5', '01.55-5', 'Criação de aves'),
(24, 'A', 1, '01.5', '01.59-8', 'Criação de animais não especificados anteriormente'),
(25, 'A', 1, '01.6', '01.61-0', 'Atividades de apoio à agricultura'),
(26, 'A', 1, '01.6', '01.62-8', 'Atividades de apoio à pecuária'),
(27, 'A', 1, '01.6', '01.63-6', 'Atividades de pós-colheita'),
(28, 'A', 1, '01.7', '01.70-9', 'Caça e serviços relacionados'),
(29, 'A', 2, '02.1', '02.10-1', 'Produção florestal - florestas plantadas'),
(30, 'A', 2, '02.2', '02.20-9', 'Produção florestal - florestas nativas'),
(31, 'A', 2, '02.3', '02.30-6', 'Atividades de apoio à produção florestal'),
(32, 'A', 3, '03.1', '03.11-6', 'Pesca em água salgada'),
(33, 'A', 3, '03.1', '03.12-4', 'Pesca em água doce'),
(34, 'A', 3, '03.2', '03.21-3', 'Aqüicultura em água salgada e salobra'),
(35, 'A', 3, '03.2', '03.22-1', 'Aqüicultura em água doce'),
(36, 'B', 5, '05.0', '05.00-3', 'Extração de carvão mineral'),
(37, 'B', 6, '06.0', '06.00-0', 'Extração de petróleo e gás natural'),
(38, 'B', 7, '07.1', '07.10-3', 'Extração de minério de ferro'),
(39, 'B', 7, '07.2', '07.21-9', 'Extração de minério de alumínio'),
(40, 'B', 7, '07.2', '07.22-7', 'Extração de minério de estanho'),
(41, 'B', 7, '07.2', '07.23-5', 'Extração de minério de manganês'),
(42, 'B', 7, '07.2', '07.24-3', 'Extração de minério de metais preciosos'),
(43, 'B', 7, '07.2', '07.25-1', 'Extração de minerais radioativos'),
(44, 'B', 7, '07.2', '07.29-4', 'Extração de minerais metálicos não-ferrosos não especificados anteriormente'),
(45, 'B', 8, '08.1', '08.10-0', 'Extração de pedra, areia e argila'),
(46, 'B', 8, '08.9', '08.91-6', 'Extração de minerais para fabricação de adubos, fertilizantes e outros produtos químicos'),
(47, 'B', 8, '08.9', '08.92-4', 'Extração e refino de sal marinho e sal-gema'),
(48, 'B', 8, '08.9', '08.93-2', 'Extração de gemas (pedras preciosas e semipreciosas)'),
(49, 'B', 8, '08.9', '08.99-1', 'Extração de minerais não-metálicos não especificados anteriormente'),
(50, 'B', 9, '09.1', '09.10-6', 'Atividades de apoio à extração de petróleo e gás natural'),
(51, 'B', 9, '09.9', '09.90-4', 'Atividades de apoio à extração de minerais, exceto petróleo e gás natural'),
(52, 'C', 10, '10.1', '10.11-2', 'Abate de reses, exceto suínos'),
(53, 'C', 10, '10.1', '10.12-1', 'Abate de suínos, aves e outros pequenos animais'),
(54, 'C', 10, '10.1', '10.13-9', 'Fabricação de produtos de carne'),
(55, 'C', 10, '10.2', '10.20-1', 'Preservação do pescado e fabricação de produtos do pescado'),
(56, 'C', 10, '10.3', '10.31-7', 'Fabricação de conservas de frutas'),
(57, 'C', 10, '10.3', '10.32-5', 'Fabricação de conservas de legumes e outros vegetais'),
(58, 'C', 10, '10.3', '10.33-3', 'Fabricação de sucos de frutas, hortaliças e legumes'),
(59, 'C', 10, '10.4', '10.41-4', 'Fabricação de óleos vegetais em bruto, exceto óleo de milho'),
(60, 'C', 10, '10.4', '10.42-2', 'Fabricação de óleos vegetais refinados, exceto óleo de milho'),
(61, 'C', 10, '10.4', '10.43-1', 'Fabricação de margarina e outras gorduras vegetais e de óleos não-comestíveis de animais'),
(62, 'C', 10, '10.5', '10.51-1', 'Preparação do leite'),
(63, 'C', 10, '10.5', '10.52-0', 'Fabricação de laticínios'),
(64, 'C', 10, '10.5', '10.53-8', 'Fabricação de sorvetes e outros gelados comestíveis'),
(65, 'C', 10, '10.6', '10.61-9', 'Beneficiamento de arroz e fabricação de produtos do arroz'),
(66, 'C', 10, '10.6', '10.62-7', 'Moagem de trigo e fabricação de derivados'),
(67, 'C', 10, '10.6', '10.63-5', 'Fabricação de farinha de mandioca e derivados'),
(68, 'C', 10, '10.6', '10.64-3', 'Fabricação de farinha de milho e derivados, exceto óleos de milho'),
(69, 'C', 10, '10.6', '10.65-1', 'Fabricação de amidos e féculas de vegetais e de óleos de milho'),
(70, 'C', 10, '10.6', '10.66-0', 'Fabricação de alimentos para animais'),
(71, 'C', 10, '10.6', '10.69-4', 'Moagem e fabricação de produtos de origem vegetal não especificados anteriormente'),
(72, 'C', 10, '10.7', '10.71-6', 'Fabricação de açúcar em bruto'),
(73, 'C', 10, '10.7', '10.72-4', 'Fabricação de açúcar refinado'),
(74, 'C', 10, '10.8', '10.81-3', 'Torrefação e moagem de café'),
(75, 'C', 10, '10.8', '10.82-1', 'Fabricação de produtos à base de café'),
(76, 'C', 10, '10.9', '10.91-1', 'Fabricação de produtos de panificação'),
(77, 'C', 10, '10.9', '10.92-9', 'Fabricação de biscoitos e bolachas'),
(78, 'C', 10, '10.9', '10.93-7', 'Fabricação de produtos derivados do cacau, de chocolates e confeitos'),
(79, 'C', 10, '10.9', '10.94-5', 'Fabricação de massas alimentícias'),
(80, 'C', 10, '10.9', '10.95-3', 'Fabricação de especiarias, molhos, temperos e condimentos'),
(81, 'C', 10, '10.9', '10.96-1', 'Fabricação de alimentos e pratos prontos'),
(82, 'C', 10, '10.9', '10.99-6', 'Fabricação de produtos alimentícios não especificados anteriormente'),
(83, 'C', 11, '11.1', '11.11-9', 'Fabricação de aguardentes e outras bebidas destiladas'),
(84, 'C', 11, '11.1', '11.12-7', 'Fabricação de vinho'),
(85, 'C', 11, '11.1', '11.13-5', 'Fabricação de malte, cervejas e chopes'),
(86, 'C', 11, '11.2', '11.21-6', 'Fabricação de águas envasadas'),
(87, 'C', 11, '11.2', '11.22-4', 'Fabricação de refrigerantes e de outras bebidas não-alcoólicas'),
(88, 'C', 12, '12.1', '12.10-7', 'Processamento industrial do fumo'),
(89, 'C', 12, '12.2', '12.20-4', 'Fabricação de produtos do fumo'),
(90, 'C', 13, '13.1', '13.11-1', 'Preparação e fiação de fibras de algodão'),
(91, 'C', 13, '13.1', '13.12-0', 'Preparação e fiação de fibras têxteis naturais, exceto algodão'),
(92, 'C', 13, '13.1', '13.13-8', 'Fiação de fibras artificiais e sintéticas'),
(93, 'C', 13, '13.1', '13.14-6', 'Fabricação de linhas para costurar e bordar'),
(94, 'C', 13, '13.2', '13.21-9', 'Tecelagem de fios de algodão'),
(95, 'C', 13, '13.2', '13.22-7', 'Tecelagem de fios de fibras têxteis naturais, exceto algodão'),
(96, 'C', 13, '13.2', '13.23-5', 'Tecelagem de fios de fibras artificiais e sintéticas'),
(97, 'C', 13, '13.3', '13.30-8', 'Fabricação de tecidos de malha'),
(98, 'C', 13, '13.4', '13.40-5', 'Acabamentos em fios, tecidos e artefatos têxteis'),
(99, 'C', 13, '13.5', '13.51-1', 'Fabricação de artefatos têxteis para uso doméstico'),
(100, 'C', 13, '13.5', '13.52-9', 'Fabricação de artefatos de tapeçaria'),
(101, 'C', 13, '13.5', '13.53-7', 'Fabricação de artefatos de cordoaria'),
(102, 'C', 13, '13.5', '13.54-5', 'Fabricação de tecidos especiais, inclusive artefatos'),
(103, 'C', 13, '13.5', '13.59-6', 'Fabricação de outros produtos têxteis não especificados anteriormente'),
(104, 'C', 14, '14.1', '14.11-8', 'Confecção de roupas íntimas'),
(105, 'C', 14, '14.1', '14.12-6', 'Confecção de peças do vestuário, exceto roupas íntimas'),
(106, 'C', 14, '14.1', '14.13-4', 'Confecção de roupas profissionais'),
(107, 'C', 14, '14.1', '14.14-2', 'Fabricação de acessórios do vestuário, exceto para segurança e proteção'),
(108, 'C', 14, '14.2', '14.21-5', 'Fabricação de meias'),
(109, 'C', 14, '14.2', '14.22-3', 'Fabricação de artigos do vestuário, produzidos em malharias e tricotagens, exceto meias'),
(110, 'C', 15, '15.1', '15.10-6', 'Curtimento e outras preparações de couro'),
(111, 'C', 15, '15.2', '15.21-1', 'Fabricação de artigos para viagem, bolsas e semelhantes de qualquer material'),
(112, 'C', 15, '15.2', '15.29-7', 'Fabricação de artefatos de couro não especificados anteriormente'),
(113, 'C', 15, '15.3', '15.31-9', 'Fabricação de calçados de couro'),
(114, 'C', 15, '15.3', '15.32-7', 'Fabricação de tênis de qualquer material'),
(115, 'C', 15, '15.3', '15.33-5', 'Fabricação de calçados de material sintético'),
(116, 'C', 15, '15.3', '15.39-4', 'Fabricação de calçados de materiais não especificados anteriormente'),
(117, 'C', 15, '15.4', '15.40-8', 'Fabricação de partes para calçados, de qualquer material'),
(118, 'C', 16, '16.1', '16.10-2', 'Desdobramento de madeira'),
(119, 'C', 16, '16.2', '16.21-8', 'Fabricação de madeira laminada e de chapas de madeira compensada, prensada e aglomerada'),
(120, 'C', 16, '16.2', '16.22-6', '"Fabricação de estruturas de madeira e de artigos de carpintaria para \nconstrução"'),
(121, 'C', 16, '16.2', '16.23-4', 'Fabricação de artefatos de tanoaria e de embalagens de madeira'),
(122, 'C', 16, '16.2', '16.29-3', 'Fabricação de artefatos de madeira, palha, cortiça, vime e material trançado não especificados anteriormente, exceto móveis'),
(123, 'C', 17, '17.1', '17.10-9', 'Fabricação de celulose e outras pastas para a fabricação de papel'),
(124, 'C', 17, '17.2', '17.21-4', 'Fabricação de papel'),
(125, 'C', 17, '17.2', '17.22-2', 'Fabricação de cartolina e papel-cartão'),
(126, 'C', 17, '17.3', '17.31-1', 'Fabricação de embalagens de papel'),
(127, 'C', 17, '17.3', '17.32-0', 'Fabricação de embalagens de cartolina e papel-cartão'),
(128, 'C', 17, '17.3', '17.33-8', 'Fabricação de chapas e de embalagens de papelão ondulado'),
(129, 'C', 17, '17.4', '17.41-9', 'Fabricação de produtos de papel, cartolina, papel-cartão e papelão ondulado para uso comercial e de escritório'),
(130, 'C', 17, '17.4', '17.42-7', 'Fabricação de produtos de papel para usos doméstico e higiênico-sanitário'),
(131, 'C', 17, '17.4', '17.49-4', 'Fabricação de produtos de pastas celulósicas, papel, cartolina, papel-cartão e papelão ondulado não especificados anteriormente'),
(132, 'C', 18, '18.1', '18.11-3', 'Impressão de jornais, livros, revistas e outras publicações periódicas'),
(133, 'C', 18, '18.1', '18.12-1', 'Impressão de material de segurança'),
(134, 'C', 18, '18.1', '18.13-0', 'Impressão de materiais para outros usos'),
(135, 'C', 18, '18.2', '18.21-1', 'Serviços de pré-impressão'),
(136, 'C', 18, '18.2', '18.22-9', 'Serviços de acabamentos gráficos'),
(137, 'C', 18, '18.3', '18.30-0', 'Reprodução de materiais gravados em qualquer suporte'),
(138, 'C', 19, '19.1', '19.10-1', 'Coquerias'),
(139, 'C', 19, '19.2', '19.21-7', 'Fabricação de produtos do refino de petróleo'),
(140, 'C', 19, '19.2', '19.22-5', 'Fabricação de produtos derivados do petróleo, exceto produtos do refino'),
(141, 'C', 19, '19.3', '19.31-4', 'Fabricação de álcool'),
(142, 'C', 19, '19.3', '19.32-2', 'Fabricação de biocombustíveis, exceto álcool'),
(143, 'C', 20, '20.1', '20.11-8', 'Fabricação de cloro e álcalis'),
(144, 'C', 20, '20.1', '20.12-6', 'Fabricação de intermediários para fertilizantes'),
(145, 'C', 20, '20.1', '20.13-4', 'Fabricação de adubos e fertilizantes'),
(146, 'C', 20, '20.1', '20.14-2', 'Fabricação de gases industriais'),
(147, 'C', 20, '20.1', '20.19-3', 'Fabricação de produtos químicos inorgânicos não especificados anteriormente'),
(148, 'C', 20, '20.2', '20.21-5', 'Fabricação de produtos petroquímicos básicos'),
(149, 'C', 20, '20.2', '20.22-3', 'Fabricação de intermediários para plastificantes, resinas e fibras'),
(150, 'C', 20, '20.2', '20.29-1', 'Fabricação de produtos químicos orgânicos não especificados anteriormente'),
(151, 'C', 20, '20.3', '20.31-2', 'Fabricação de resinas termoplásticas'),
(152, 'C', 20, '20.3', '20.32-1', 'Fabricação de resinas termofixas'),
(153, 'C', 20, '20.3', '20.33-9', 'Fabricação de elastômeros'),
(154, 'C', 20, '20.4', '20.40-1', 'Fabricação de fibras artificiais e sintéticas'),
(155, 'C', 20, '20.5', '20.51-7', 'Fabricação de defensivos agrícolas'),
(156, 'C', 20, '20.5', '20.52-5', 'Fabricação de desinfestantes domissanitários'),
(157, 'C', 20, '20.6', '20.61-4', 'Fabricação de sabões e detergentes sintéticos'),
(158, 'C', 20, '20.6', '20.62-2', 'Fabricação de produtos de limpeza e polimento'),
(159, 'C', 20, '20.6', '20.63-1', 'Fabricação de cosméticos, produtos de perfumaria e de higiene pessoal'),
(160, 'C', 20, '20.7', '20.71-1', 'Fabricação de tintas, vernizes, esmaltes e lacas'),
(161, 'C', 20, '20.7', '20.72-0', 'Fabricação de tintas de impressão'),
(162, 'C', 20, '20.7', '20.73-8', 'Fabricação de impermeabilizantes, solventes e produtos afins'),
(163, 'C', 20, '20.9', '20.91-6', 'Fabricação de adesivos e selantes'),
(164, 'C', 20, '20.9', '20.92-4', 'Fabricação de explosivos'),
(165, 'C', 20, '20.9', '20.93-2', 'Fabricação de aditivos de uso industrial'),
(166, 'C', 20, '20.9', '20.94-1', 'Fabricação de catalisadores'),
(167, 'C', 20, '20.9', '20.99-1', 'Fabricação de produtos químicos não especificados anteriormente'),
(168, 'C', 21, '21.1', '21.10-6', 'Fabricação de produtos farmoquímicos'),
(169, 'C', 21, '21.2', '21.21-1', 'Fabricação de medicamentos para uso humano'),
(170, 'C', 21, '21.2', '21.22-0', 'Fabricação de medicamentos para uso veterinário'),
(171, 'C', 21, '21.2', '21.23-8', 'Fabricação de preparações farmacêuticas'),
(172, 'C', 22, '22.1', '22.11-1', 'Fabricação de pneumáticos e de câmaras-de-ar'),
(173, 'C', 22, '22.1', '22.12-9', 'Reforma de pneumáticos usados'),
(174, 'C', 22, '22.1', '22.19-6', 'Fabricação de artefatos de borracha não especificados anteriormente'),
(175, 'C', 22, '22.2', '22.21-8', 'Fabricação de laminados planos e tubulares de material plástico'),
(176, 'C', 22, '22.2', '22.22-6', 'Fabricação de embalagens de material plástico'),
(177, 'C', 22, '22.2', '22.23-4', 'Fabricação de tubos e acessórios de material plástico para uso na construção'),
(178, 'C', 22, '22.2', '22.29-3', 'Fabricação de artefatos de material plástico não especificados anteriormente'),
(179, 'C', 23, '23.1', '23.11-7', 'Fabricação de vidro plano e de segurança'),
(180, 'C', 23, '23.1', '23.12-5', 'Fabricação de embalagens de vidro'),
(181, 'C', 23, '23.1', '23.19-2', 'Fabricação de artigos de vidro'),
(182, 'C', 23, '23.2', '23.20-6', 'Fabricação de cimento'),
(183, 'C', 23, '23.3', '23.30-3', 'Fabricação de artefatos de concreto, cimento, fibrocimento, gesso e materiais semelhantes'),
(184, 'C', 23, '23.4', '23.41-9', 'Fabricação de produtos cerâmicos refratários'),
(185, 'C', 23, '23.4', '23.42-7', 'Fabricação de produtos cerâmicos não-refratários para uso estrutural na construção'),
(186, 'C', 23, '23.4', '23.49-4', 'Fabricação de produtos cerâmicos não-refratários não especificados anteriormente'),
(187, 'C', 23, '23.9', '23.91-5', 'Aparelhamento e outros trabalhos em pedras'),
(188, 'C', 23, '23.9', '23.92-3', 'Fabricação de cal e gesso'),
(189, 'C', 23, '23.9', '23.99-1', 'Fabricação de produtos de minerais não-metálicos não especificados anteriormente'),
(190, 'C', 24, '24.1', '24.11-3', 'Produção de ferro-gusa'),
(191, 'C', 24, '24.1', '24.12-1', 'Produção de ferroligas'),
(192, 'C', 24, '24.2', '24.21-1', 'Produção de semi-acabados de aço'),
(193, 'C', 24, '24.2', '24.22-9', 'Produção de laminados planos de aço'),
(194, 'C', 24, '24.2', '24.23-7', 'Produção de laminados longos de aço'),
(195, 'C', 24, '24.2', '24.24-5', 'Produção de relaminados, trefilados e perfilados de aço'),
(196, 'C', 24, '24.3', '24.31-8', 'Produção de tubos de aço com costura'),
(197, 'C', 24, '24.3', '24.39-3', 'Produção de outros tubos de ferro e aço'),
(198, 'C', 24, '24.4', '24.41-5', 'Metalurgia do alumínio e suas ligas'),
(199, 'C', 24, '24.4', '24.42-3', 'Metalurgia dos metais preciosos'),
(200, 'C', 24, '24.4', '24.43-1', 'Metalurgia do cobre'),
(201, 'C', 24, '24.4', '24.49-1', 'Metalurgia dos metais não-ferrosos e suas ligas não especificados anteriormente'),
(202, 'C', 24, '24.5', '24.51-2', 'Fundição de ferro e aço'),
(203, 'C', 24, '24.5', '24.52-1', 'Fundição de metais não-ferrosos e suas ligas'),
(204, 'C', 25, '25.1', '25.11-0', 'Fabricação de estruturas metálicas'),
(205, 'C', 25, '25.1', '25.12-8', 'Fabricação de esquadrias de metal'),
(206, 'C', 25, '25.1', '25.13-6', 'Fabricação de obras de caldeiraria pesada'),
(207, 'C', 25, '25.2', '25.21-7', 'Fabricação de tanques, reservatórios metálicos e caldeiras para aquecimento central'),
(208, 'C', 25, '25.2', '25.22-5', 'Fabricação de caldeiras geradoras de vapor, exceto para aquecimento central e para veículos'),
(209, 'C', 25, '25.3', '25.31-4', 'Produção de forjados de aço e de metais não-ferrosos e suas ligas'),
(210, 'C', 25, '25.3', '25.32-2', 'Produção de artefatos estampados de metal; metalurgia do pó'),
(211, 'C', 25, '25.3', '25.39-0', 'Serviços de usinagem, solda, tratamento e revestimento em metais'),
(212, 'C', 25, '25.4', '25.41-1', 'Fabricação de artigos de cutelaria'),
(213, 'C', 25, '25.4', '25.42-0', 'Fabricação de artigos de serralheria, exceto esquadrias'),
(214, 'C', 25, '25.4', '25.43-8', 'Fabricação de ferramentas'),
(215, 'C', 25, '25.5', '25.50-1', 'Fabricação de equipamento bélico pesado, armas de fogo e munições'),
(216, 'C', 25, '25.9', '25.91-8', 'Fabricação de embalagens metálicas'),
(217, 'C', 25, '25.9', '25.92-6', 'Fabricação de produtos de trefilados de metal'),
(218, 'C', 25, '25.9', '25.93-4', 'Fabricação de artigos de metal para uso doméstico e pessoal'),
(219, 'C', 25, '25.9', '25.99-3', 'Fabricação de produtos de metal não especificados anteriormente'),
(220, 'C', 26, '26.1', '26.10-8', 'Fabricação de componentes eletrônicos'),
(221, 'C', 26, '26.2', '26.21-3', 'Fabricação de equipamentos de informática'),
(222, 'C', 26, '26.2', '26.22-1', 'Fabricação de periféricos para equipamentos de informática'),
(223, 'C', 26, '26.3', '26.31-1', 'Fabricação de equipamentos transmissores de comunicação'),
(224, 'C', 26, '26.3', '26.32-9', 'Fabricação de aparelhos telefônicos e de outros equipamentos de comunicação'),
(225, 'C', 26, '26.4', '26.40-0', 'Fabricação de aparelhos de recepção, reprodução, gravação e amplificação de áudio e vídeo'),
(226, 'C', 26, '26.5', '26.51-5', 'Fabricação de aparelhos e equipamentos de medida, teste e controle'),
(227, 'C', 26, '26.5', '26.52-3', 'Fabricação de cronômetros e relógios'),
(228, 'C', 26, '26.6', '26.60-4', 'Fabricação de aparelhos eletromédicos e eletroterapêuticos e equipamentos de irradiação'),
(229, 'C', 26, '26.7', '26.70-1', 'Fabricação de equipamentos e instrumentos ópticos, fotográficos e cinematográficos'),
(230, 'C', 26, '26.8', '26.80-9', 'Fabricação de mídias virgens, magnéticas e ópticas'),
(231, 'C', 27, '27.1', '27.10-4', 'Fabricação de geradores, transformadores e motores elétricos'),
(232, 'C', 27, '27.2', '27.21-0', 'Fabricação de pilhas, baterias e acumuladores elétricos, exceto para veículos automotores'),
(233, 'C', 27, '27.2', '27.22-8', 'Fabricação de baterias e acumuladores para veículos automotores'),
(234, 'C', 27, '27.3', '27.31-7', 'Fabricação de aparelhos e equipamentos para distribuição e controle de energia elétrica'),
(235, 'C', 27, '27.3', '27.32-5', 'Fabricação de material elétrico para instalações em circuito de consumo'),
(236, 'C', 27, '27.3', '27.33-3', 'Fabricação de fios, cabos e condutores elétricos isolados'),
(237, 'C', 27, '27.4', '27.40-6', 'Fabricação de lâmpadas e outros equipamentos de iluminação'),
(238, 'C', 27, '27.5', '27.51-1', 'Fabricação de fogões, refrigeradores e máquinas de lavar e secar para uso doméstico'),
(239, 'C', 27, '27.5', '27.59-7', 'Fabricação de aparelhos eletrodomésticos não especificados anteriormente'),
(240, 'C', 27, '27.9', '27.90-2', 'Fabricação de equipamentos e aparelhos elétricos não especificados anteriormente'),
(241, 'C', 28, '28.1', '28.11-9', 'Fabricação de motores e turbinas, exceto para aviões e veículos rodoviários'),
(242, 'C', 28, '28.1', '28.12-7', 'Fabricação de equipamentos hidráulicos e pneumáticos, exceto válvulas'),
(243, 'C', 28, '28.1', '28.13-5', 'Fabricação de válvulas, registros e dispositivos semelhantes'),
(244, 'C', 28, '28.1', '28.14-3', 'Fabricação de compressores'),
(245, 'C', 28, '28.1', '28.15-1', 'Fabricação de equipamentos de transmissão para fins industriais'),
(246, 'C', 28, '28.2', '28.21-6', 'Fabricação de aparelhos e equipamentos para instalações térmicas'),
(247, 'C', 28, '28.2', '28.22-4', 'Fabricação de máquinas, equipamentos e aparelhos para transporte e elevação de cargas e pessoas'),
(248, 'C', 28, '28.2', '28.23-2', 'Fabricação de máquinas e aparelhos de refrigeração e ventilação para uso industrial e comercial'),
(249, 'C', 28, '28.2', '28.24-1', 'Fabricação de aparelhos e equipamentos de ar condicionado'),
(250, 'C', 28, '28.2', '28.25-9', 'Fabricação de máquinas e equipamentos para saneamento básico e ambiental'),
(251, 'C', 28, '28.2', '28.29-1', 'Fabricação de máquinas e equipamentos de uso geral não especificados anteriormente'),
(252, 'C', 28, '28.3', '28.31-3', 'Fabricação de tratores agrícolas'),
(253, 'C', 28, '28.3', '28.32-1', 'Fabricação de equipamentos para irrigação agrícola'),
(254, 'C', 28, '28.3', '28.33-0', 'Fabricação de máquinas e equipamentos para a agricultura e pecuária, exceto para irrigação'),
(255, 'C', 28, '28.4', '28.40-2', 'Fabricação de máquinas-ferramenta'),
(256, 'C', 28, '28.5', '28.51-8', 'Fabricação de máquinas e equipamentos para a prospecção e extração de petróleo'),
(257, 'C', 28, '28.5', '28.52-6', 'Fabricação de outras máquinas e equipamentos para uso na extração mineral, exceto na extração de petróleo'),
(258, 'C', 28, '28.5', '28.53-4', 'Fabricação de tratores, exceto agrícolas'),
(259, 'C', 28, '28.5', '28.54-2', 'Fabricação de máquinas e equipamentos para terraplenagem, pavimentação e construção, exceto tratores'),
(260, 'C', 28, '28.6', '28.61-5', 'Fabricação de máquinas para a indústria metalúrgica, exceto máquinas-ferramenta'),
(261, 'C', 28, '28.6', '28.62-3', 'Fabricação de máquinas e equipamentos para as indústrias de alimentos, bebidas e fumo'),
(262, 'C', 28, '28.6', '28.63-1', 'Fabricação de máquinas e equipamentos para a indústria têxtil'),
(263, 'C', 28, '28.6', '28.64-0', 'Fabricação de máquinas e equipamentos para as indústrias do vestuário, do couro e de calçados'),
(264, 'C', 28, '28.6', '28.65-8', 'Fabricação de máquinas e equipamentos para as indústrias de celulose, papel e papelão e artefatos'),
(265, 'C', 28, '28.6', '28.66-6', 'Fabricação de máquinas e equipamentos para a indústria do plástico'),
(266, 'C', 28, '28.6', '28.69-1', 'Fabricação de máquinas e equipamentos para uso industrial específico não especificados anteriormente'),
(267, 'C', 29, '29.1', '29.10-7', 'Fabricação de automóveis, camionetas e utilitários'),
(268, 'C', 29, '29.2', '29.20-4', 'Fabricação de caminhões e ônibus'),
(269, 'C', 29, '29.3', '29.30-1', 'Fabricação de cabines, carrocerias e reboques para veículos automotores'),
(270, 'C', 29, '29.4', '29.41-7', 'Fabricação de peças e acessórios para o sistema motor de veículos automotores'),
(271, 'C', 29, '29.4', '29.42-5', 'Fabricação de peças e acessórios para os sistemas de marcha e transmissão de veículos automotores'),
(272, 'C', 29, '29.4', '29.43-3', 'Fabricação de peças e acessórios para o sistema de freios de veículos automotores'),
(273, 'C', 29, '29.4', '29.44-1', 'Fabricação de peças e acessórios para o sistema de direção e suspensão de veículos automotores'),
(274, 'C', 29, '29.4', '29.45-0', 'Fabricação de material elétrico e eletrônico para veículos automotores, exceto baterias'),
(275, 'C', 29, '29.4', '29.49-2', 'Fabricação de peças e acessórios para veículos automotores não especificados anteriormente'),
(276, 'C', 29, '29.5', '29.50-6', 'Recondicionamento e recuperação de motores para veículos automotores'),
(277, 'C', 30, '30.1', '30.11-3', 'Construção de embarcações e estruturas flutuantes'),
(278, 'C', 30, '30.1', '30.12-1', 'Construção de embarcações para esporte e lazer'),
(279, 'C', 30, '30.3', '30.31-8', 'Fabricação de locomotivas, vagões e outros materiais rodantes'),
(280, 'C', 30, '30.3', '30.32-6', 'Fabricação de peças e acessórios para veículos ferroviários'),
(281, 'C', 30, '30.4', '30.41-5', 'Fabricação de aeronaves'),
(282, 'C', 30, '30.4', '30.42-3', 'Fabricação de turbinas, motores e outros componentes e peças para aeronaves'),
(283, 'C', 30, '30.5', '30.50-4', 'Fabricação de veículos militares de combate'),
(284, 'C', 30, '30.9', '30.91-1', 'Fabricação de motocicletas'),
(285, 'C', 30, '30.9', '30.92-0', 'Fabricação de bicicletas e triciclos não-motorizados'),
(286, 'C', 30, '30.9', '30.99-7', 'Fabricação de equipamentos de transporte não especificados anteriormente'),
(287, 'C', 31, '31.0', '31.01-2', 'Fabricação de móveis com predominância de madeira'),
(288, 'C', 31, '31.0', '31.02-1', 'Fabricação de móveis com predominância de metal'),
(289, 'C', 31, '31.0', '31.03-9', 'Fabricação de móveis de outros materiais, exceto madeira e metal'),
(290, 'C', 31, '31.0', '31.04-7', 'Fabricação de colchões'),
(291, 'C', 32, '32.1', '32.11-6', 'Lapidação de gemas e fabricação de artefatos de ourivesaria e joalheria'),
(292, 'C', 32, '32.1', '32.12-4', 'Fabricação de bijuterias e artefatos semelhantes'),
(293, 'C', 32, '32.2', '32.20-5', 'Fabricação de instrumentos musicais'),
(294, 'C', 32, '32.3', '32.30-2', 'Fabricação de artefatos para pesca e esporte'),
(295, 'C', 32, '32.4', '32.40-0', 'Fabricação de brinquedos e jogos recreativos'),
(296, 'C', 32, '32.5', '32.50-7', 'Fabricação de instrumentos e materiais para uso médico e odontológico e de artigos ópticos'),
(297, 'C', 32, '32.9', '32.91-4', 'Fabricação de escovas, pincéis e vassouras'),
(298, 'C', 32, '32.9', '32.92-2', 'Fabricação de equipamentos e acessórios para segurança e proteção pessoal e profissional'),
(299, 'C', 32, '32.9', '32.99-0', 'Fabricação de produtos diversos não especificados anteriormente'),
(300, 'C', 33, '33.1', '33.11-2', 'Manutenção e reparação de tanques, reservatórios metálicos e caldeiras, exceto para veículos'),
(301, 'C', 33, '33.1', '33.12-1', 'Manutenção e reparação de equipamentos eletrônicos e ópticos'),
(302, 'C', 33, '33.1', '33.13-9', 'Manutenção e reparação de máquinas e equipamentos elétricos'),
(303, 'C', 33, '33.1', '33.14-7', 'Manutenção e reparação de máquinas e equipamentos da indústria mecânica'),
(304, 'C', 33, '33.1', '33.15-5', 'Manutenção e reparação de veículos ferroviários'),
(305, 'C', 33, '33.1', '33.16-3', 'Manutenção e reparação de aeronaves'),
(306, 'C', 33, '33.1', '33.17-1', 'Manutenção e reparação de embarcações'),
(307, 'C', 33, '33.1', '33.19-8', 'Manutenção e reparação de equipamentos e produtos não especificados anteriormente'),
(308, 'C', 33, '33.2', '33.21-0', 'Instalação de máquinas e equipamentos industriais'),
(309, 'C', 33, '33.2', '33.29-5', 'Instalação de equipamentos não especificados anteriormente'),
(310, 'D', 35, '35.1', '35.11-5', 'Geração de energia elétrica'),
(311, 'D', 35, '35.1', '35.12-3', 'Transmissão de energia elétrica'),
(312, 'D', 35, '35.1', '35.13-1', 'Comércio atacadista de energia elétrica'),
(313, 'D', 35, '35.1', '35.14-0', 'Distribuição de energia elétrica'),
(314, 'D', 35, '35.2', '35.20-4', 'Produção de gás; processamento de gás natural; distribuição de combustíveis gasosos por redes urbanas'),
(315, 'D', 35, '35.3', '35.30-1', 'Produção e distribuição de vapor, água quente e ar condicionado'),
(316, 'E', 36, '36.0', '36.00-6', 'Captação, tratamento e distribuição de água'),
(317, 'E', 37, '37.0', '37.01-1', 'Gestão de redes de esgoto'),
(318, 'E', 37, '37.0', '37.02-9', 'Atividades relacionadas a esgoto, exceto a gestão de redes'),
(319, 'E', 38, '38.1', '38.11-4', 'Coleta de resíduos não-perigosos'),
(320, 'E', 38, '38.1', '38.12-2', 'Coleta de resíduos perigosos'),
(321, 'E', 38, '38.2', '38.21-1', 'Tratamento e disposição de resíduos não-perigosos'),
(322, 'E', 38, '38.2', '38.22-0', 'Tratamento e disposição de resíduos perigosos'),
(323, 'E', 38, '38.3', '38.31-9', 'Recuperação de materiais metálicos'),
(324, 'E', 38, '38.3', '38.32-7', 'Recuperação de materiais plásticos'),
(325, 'E', 38, '38.3', '38.39-4', 'Recuperação de materiais não especificados anteriormente'),
(326, 'E', 39, '39.0', '39.00-5', 'Descontaminação e outros serviços de gestão de resíduos'),
(327, 'F', 41, '41.1', '41.10-7', 'Incorporação de empreendimentos imobiliários'),
(328, 'F', 41, '41.2', '41.20-4', 'Construção de edifícios'),
(329, 'F', 42, '42.1', '42.11-1', 'Construção de rodovias e ferrovias'),
(330, 'F', 42, '42.1', '42.12-0', 'Construção de obras-de-arte especiais'),
(331, 'F', 42, '42.1', '42.13-8', 'Obras de urbanização - ruas, praças e calçadas'),
(332, 'F', 42, '42.2', '42.21-9', 'Obras para geração e distribuição de energia elétrica e para telecomunicações'),
(333, 'F', 42, '42.2', '42.22-7', 'Construção de redes de abastecimento de água, coleta de esgoto e construções correlatas'),
(334, 'F', 42, '42.2', '42.23-5', 'Construção de redes de transportes por dutos, exceto para água e esgoto'),
(335, 'F', 42, '42.9', '42.91-0', 'Obras portuárias, marítimas e fluviais'),
(336, 'F', 42, '42.9', '42.92-8', 'Montagem de instalações industriais e de estruturas metálicas'),
(337, 'F', 42, '42.9', '42.99-5', 'Obras de engenharia civil não especificadas anteriormente'),
(338, 'F', 43, '43.1', '43.11-8', 'Demolição e preparação de canteiros de obras'),
(339, 'F', 43, '43.1', '43.12-6', 'Perfurações e sondagens'),
(340, 'F', 43, '43.1', '43.13-4', 'Obras de terraplenagem'),
(341, 'F', 43, '43.1', '43.19-3', 'Serviços de preparação do terreno não especificados anteriormente'),
(342, 'F', 43, '43.2', '43.21-5', 'Instalações elétricas'),
(343, 'F', 43, '43.2', '43.22-3', 'Instalações hidráulicas, de sistemas de ventilação e refrigeração'),
(344, 'F', 43, '43.2', '43.29-1', 'Obras de instalações em construções não especificadas anteriormente'),
(345, 'F', 43, '43.3', '43.30-4', 'Obras de acabamento'),
(346, 'F', 43, '43.9', '43.91-6', 'Obras de fundações'),
(347, 'F', 43, '43.9', '43.99-1', 'Serviços especializados para construção não especificados anteriormente'),
(348, 'G', 45, '45.1', '45.11-1', 'Comércio a varejo e por atacado de veículos automotores'),
(349, 'G', 45, '45.1', '45.12-9', 'Representantes comerciais e agentes do comércio de veículos automotores'),
(350, 'G', 45, '45.2', '45.20-0', 'Manutenção e reparação de veículos automotores'),
(351, 'G', 45, '45.3', '45.30-7', 'Comércio de peças e acessórios para veículos automotores'),
(352, 'G', 45, '45.4', '45.41-2', 'Comércio por atacado e a varejo de motocicletas, peças e acessórios'),
(353, 'G', 45, '45.4', '45.42-1', 'Representantes comerciais e agentes do comércio de motocicletas, peças e acessórios'),
(354, 'G', 45, '45.4', '45.43-9', 'Manutenção e reparação de motocicletas'),
(355, 'G', 46, '46.1', '46.11-7', 'Representantes comerciais e agentes do comércio de matérias-primas agrícolas e animais vivos'),
(356, 'G', 46, '46.1', '46.12-5', 'Representantes comerciais e agentes do comércio de combustíveis, minerais, produtos siderúrgicos e químicos'),
(357, 'G', 46, '46.1', '46.13-3', 'Representantes comerciais e agentes do comércio de madeira, material de construção e ferragens'),
(358, 'G', 46, '46.1', '46.14-1', 'Representantes comerciais e agentes do comércio de máquinas, equipamentos, embarcações e aeronaves'),
(359, 'G', 46, '46.1', '46.15-0', 'Representantes comerciais e agentes do comércio de eletrodomésticos, móveis e artigos de uso doméstico'),
(360, 'G', 46, '46.1', '46.16-8', 'Representantes comerciais e agentes do comércio de têxteis, vestuário, calçados e artigos de viagem'),
(361, 'G', 46, '46.1', '46.17-6', 'Representantes comerciais e agentes do comércio de produtos alimentícios, bebidas e fumo'),
(362, 'G', 46, '46.1', '46.18-4', 'Representantes comerciais e agentes do comércio especializado em produtos não especificados anteriormente'),
(363, 'G', 46, '46.1', '46.19-2', 'Representantes comerciais e agentes do comércio de mercadorias em geral não especializado'),
(364, 'G', 46, '46.2', '46.21-4', 'Comércio atacadista de café em grão'),
(365, 'G', 46, '46.2', '46.22-2', 'Comércio atacadista de soja'),
(366, 'G', 46, '46.2', '46.23-1', 'Comércio atacadista de animais vivos, alimentos para animais e matérias-primas agrícolas, exceto café e soja'),
(367, 'G', 46, '46.3', '46.31-1', 'Comércio atacadista de leite e laticínios'),
(368, 'G', 46, '46.3', '46.32-0', 'Comércio atacadista de cereais e leguminosas beneficiados, farinhas, amidos e féculas'),
(369, 'G', 46, '46.3', '46.33-8', 'Comércio atacadista de hortifrutigranjeiros'),
(370, 'G', 46, '46.3', '46.34-6', 'Comércio atacadista de carnes, produtos da carne e pescado'),
(371, 'G', 46, '46.3', '46.35-4', 'Comércio atacadista de bebidas'),
(372, 'G', 46, '46.3', '46.36-2', 'Comércio atacadista de produtos do fumo'),
(373, 'G', 46, '46.3', '46.37-1', 'Comércio atacadista especializado em produtos alimentícios não especificados anteriormente'),
(374, 'G', 46, '46.3', '46.39-7', 'Comércio atacadista de produtos alimentícios em geral'),
(375, 'G', 46, '46.4', '46.41-9', 'Comércio atacadista de tecidos, artefatos de tecidos e de armarinho'),
(376, 'G', 46, '46.4', '46.42-7', 'Comércio atacadista de artigos do vestuário e acessórios'),
(377, 'G', 46, '46.4', '46.43-5', 'Comércio atacadista de calçados e artigos de viagem'),
(378, 'G', 46, '46.4', '46.44-3', 'Comércio atacadista de produtos farmacêuticos para uso humano e veterinário'),
(379, 'G', 46, '46.4', '46.45-1', 'Comércio atacadista de instrumentos e materiais para uso médico, cirúrgico, ortopédico e odontológico'),
(380, 'G', 46, '46.4', '46.46-0', 'Comércio atacadista de cosméticos, produtos de perfumaria e de higiene pessoal'),
(381, 'G', 46, '46.4', '46.47-8', 'Comércio atacadista de artigos de escritório e de papelaria; livros, jornais e outras publicações'),
(382, 'G', 46, '46.4', '46.49-4', 'Comércio atacadista de equipamentos e artigos de uso pessoal e doméstico não especificados anteriormente'),
(383, 'G', 46, '46.5', '46.51-6', 'Comércio atacadista de computadores, periféricos e suprimentos de informática'),
(384, 'G', 46, '46.5', '46.52-4', 'Comércio atacadista de componentes eletrônicos e equipamentos de telefonia e comunicação'),
(385, 'G', 46, '46.6', '46.61-3', 'Comércio atacadista de máquinas, aparelhos e equipamentos para uso agropecuário; partes e peças'),
(386, 'G', 46, '46.6', '46.62-1', 'Comércio atacadista de máquinas, equipamentos para terraplenagem, mineração e construção; partes e peças'),
(387, 'G', 46, '46.6', '46.63-0', 'Comércio atacadista de máquinas e equipamentos para uso industrial; partes e peças'),
(388, 'G', 46, '46.6', '46.64-8', 'Comércio atacadista de máquinas, aparelhos e equipamentos para uso odonto-médico-hospitalar; partes e peças'),
(389, 'G', 46, '46.6', '46.65-6', 'Comércio atacadista de máquinas e equipamentos para uso comercial; partes e peças'),
(390, 'G', 46, '46.6', '46.69-9', 'Comércio atacadista de máquinas, aparelhos e equipamentos não especificados anteriormente; partes e peças'),
(391, 'G', 46, '46.7', '46.71-1', 'Comércio atacadista de madeira e produtos derivados'),
(392, 'G', 46, '46.7', '46.72-9', 'Comércio atacadista de ferragens e ferramentas'),
(393, 'G', 46, '46.7', '46.73-7', 'Comércio atacadista de material elétrico'),
(394, 'G', 46, '46.7', '46.74-5', 'Comércio atacadista de cimento'),
(395, 'G', 46, '46.7', '46.79-6', 'Comércio atacadista especializado de materiais de construção não especificados anteriormente e de materiais de construção em geral'),
(396, 'G', 46, '46.8', '46.81-8', 'Comércio atacadista de combustíveis sólidos, líquidos e gasosos, exceto gás natural e GLP'),
(397, 'G', 46, '46.8', '46.82-6', 'Comércio atacadista de gás liqüefeito de petróleo (GLP)'),
(398, 'G', 46, '46.8', '46.83-4', 'Comércio atacadista de defensivos agrícolas, adubos, fertilizantes e corretivos do solo'),
(399, 'G', 46, '46.8', '46.84-2', 'Comércio atacadista de produtos químicos e petroquímicos, exceto agroquímicos'),
(400, 'G', 46, '46.8', '46.85-1', 'Comércio atacadista de produtos siderúrgicos e metalúrgicos, exceto para construção'),
(401, 'G', 46, '46.8', '46.86-9', 'Comércio atacadista de papel e papelão em bruto e de embalagens'),
(402, 'G', 46, '46.8', '46.87-7', 'Comércio atacadista de resíduos e sucatas'),
(403, 'G', 46, '46.8', '46.89-3', 'Comércio atacadista especializado de outros produtos intermediários não especificados anteriormente'),
(404, 'G', 46, '46.9', '46.91-5', 'Comércio atacadista de mercadorias em geral, com predominância de produtos alimentícios'),
(405, 'G', 46, '46.9', '46.92-3', 'Comércio atacadista de mercadorias em geral, com predominância de insumos agropecuários'),
(406, 'G', 46, '46.9', '46.93-1', 'Comércio atacadista de mercadorias em geral, sem predominância de alimentos ou de insumos agropecuários'),
(407, 'G', 47, '47.1', '47.11-3', 'Comércio varejista de mercadorias em geral, com predominância de produtos alimentícios - hipermercados e supermercados'),
(408, 'G', 47, '47.1', '47.12-1', 'Comércio varejista de mercadorias em geral, com predominância de produtos alimentícios - minimercados, mercearias e armazéns'),
(409, 'G', 47, '47.1', '47.13-0', 'Comércio varejista de mercadorias em geral, sem predominância de produtos alimentícios'),
(410, 'G', 47, '47.2', '47.21-1', 'Comércio varejista de produtos de padaria, laticínio, doces, balas e semelhantes'),
(411, 'G', 47, '47.2', '47.22-9', 'Comércio varejista de carnes e pescados - açougues e peixarias'),
(412, 'G', 47, '47.2', '47.23-7', 'Comércio varejista de bebidas'),
(413, 'G', 47, '47.2', '47.24-5', 'Comércio varejista de hortifrutigranjeiros'),
(414, 'G', 47, '47.2', '47.29-6', 'Comércio varejista de produtos alimentícios em geral ou especializado em produtos alimentícios não especificados anteriormente; produtos do fumo'),
(415, 'G', 47, '47.3', '47.31-8', 'Comércio varejista de combustíveis para veículos automotores'),
(416, 'G', 47, '47.3', '47.32-6', 'Comércio varejista de lubrificantes'),
(417, 'G', 47, '47.4', '47.41-5', 'Comércio varejista de tintas e materiais para pintura'),
(418, 'G', 47, '47.4', '47.42-3', 'Comércio varejista de material elétrico'),
(419, 'G', 47, '47.4', '47.43-1', 'Comércio varejista de vidros'),
(420, 'G', 47, '47.4', '47.44-0', 'Comércio varejista de ferragens, madeira e materiais de construção'),
(421, 'G', 47, '47.5', '47.51-2', 'Comércio varejista especializado de equipamentos e suprimentos de informática'),
(422, 'G', 47, '47.5', '47.52-1', 'Comércio varejista especializado de equipamentos de telefonia e comunicação'),
(423, 'G', 47, '47.5', '47.53-9', 'Comércio varejista especializado de eletrodomésticos e equipamentos de áudio e vídeo'),
(424, 'G', 47, '47.5', '47.54-7', 'Comércio varejista especializado de móveis, colchoaria e artigos de iluminação'),
(425, 'G', 47, '47.5', '47.55-5', 'Comércio varejista especializado de tecidos e artigos de cama, mesa e banho'),
(426, 'G', 47, '47.5', '47.56-3', 'Comércio varejista especializado de instrumentos musicais e acessórios'),
(427, 'G', 47, '47.5', '47.57-1', 'Comércio varejista especializado de peças e acessórios para aparelhos eletroeletrônicos para uso doméstico, exceto informática e comunicação'),
(428, 'G', 47, '47.5', '47.59-8', 'Comércio varejista de artigos de uso doméstico não especificados anteriormente'),
(429, 'G', 47, '47.6', '47.61-0', 'Comércio varejista de livros, jornais, revistas e papelaria'),
(430, 'G', 47, '47.6', '47.62-8', 'Comércio varejista de discos, CDs, DVDs e fitas'),
(431, 'G', 47, '47.6', '47.63-6', 'Comércio varejista de artigos recreativos e esportivos'),
(432, 'G', 47, '47.7', '47.71-7', 'Comércio varejista de produtos farmacêuticos para uso humano e veterinário'),
(433, 'G', 47, '47.7', '47.72-5', 'Comércio varejista de cosméticos, produtos de perfumaria e de higiene pessoal'),
(434, 'G', 47, '47.7', '47.73-3', 'Comércio varejista de artigos médicos e ortopédicos'),
(435, 'G', 47, '47.7', '47.74-1', 'Comércio varejista de artigos de óptica'),
(436, 'G', 47, '47.8', '47.81-4', 'Comércio varejista de artigos do vestuário e acessórios'),
(437, 'G', 47, '47.8', '47.82-2', 'Comércio varejista de calçados e artigos de viagem'),
(438, 'G', 47, '47.8', '47.83-1', 'Comércio varejista de jóias e relógios'),
(439, 'G', 47, '47.8', '47.84-9', 'Comércio varejista de gás liqüefeito de petróleo (GLP)'),
(440, 'G', 47, '47.8', '47.85-7', 'Comércio varejista de artigos usados'),
(441, 'G', 47, '47.8', '47.89-0', 'Comércio varejista de outros produtos novos não especificados anteriormente'),
(442, 'G', 47, '47.9', '47.90-3', 'Comércio ambulante e outros tipos de comércio varejista'),
(443, 'H', 49, '49.1', '49.11-6', 'Transporte ferroviário de carga'),
(444, 'H', 49, '49.1', '49.12-4', 'Transporte metroferroviário de passageiros'),
(445, 'H', 49, '49.2', '49.21-3', 'Transporte rodoviário coletivo de passageiros, com itinerário fixo, municipal e em região metropolitana'),
(446, 'H', 49, '49.2', '49.22-1', 'Transporte rodoviário coletivo de passageiros, com itinerário fixo, intermunicipal, interestadual e internacional'),
(447, 'H', 49, '49.2', '49.23-0', 'Transporte rodoviário de táxi'),
(448, 'H', 49, '49.2', '49.24-8', 'Transporte escolar'),
(449, 'H', 49, '49.2', '49.29-9', 'Transporte rodoviário coletivo de passageiros, sob regime de fretamento, e outros transportes rodoviários não especificados anteriormente'),
(450, 'H', 49, '49.3', '49.30-2', 'Transporte rodoviário de carga'),
(451, 'H', 49, '49.4', '49.40-0', 'Transporte dutoviário'),
(452, 'H', 49, '49.5', '49.50-7', 'Trens turísticos, teleféricos e similares'),
(453, 'H', 50, '50.1', '50.11-4', 'Transporte marítimo de cabotagem'),
(454, 'H', 50, '50.1', '50.12-2', 'Transporte marítimo de longo curso'),
(455, 'H', 50, '50.2', '50.21-1', 'Transporte por navegação interior de carga'),
(456, 'H', 50, '50.2', '50.22-0', 'Transporte por navegação interior de passageiros em linhas regulares'),
(457, 'H', 50, '50.3', '50.30-1', 'Navegação de apoio'),
(458, 'H', 50, '50.9', '50.91-2', 'Transporte por navegação de travessia'),
(459, 'H', 50, '50.9', '50.99-8', 'Transportes aquaviários não especificados anteriormente'),
(460, 'H', 51, '51.1', '51.11-1', 'Transporte aéreo de passageiros regular'),
(461, 'H', 51, '51.1', '51.12-9', 'Transporte aéreo de passageiros não-regular'),
(462, 'H', 51, '51.2', '51.20-0', 'Transporte aéreo de carga'),
(463, 'H', 51, '51.3', '51.30-7', 'Transporte espacial'),
(464, 'H', 52, '52.1', '52.11-7', 'Armazenamento'),
(465, 'H', 52, '52.1', '52.12-5', 'Carga e descarga'),
(466, 'H', 52, '52.2', '52.21-4', 'Concessionárias de rodovias, pontes, túneis e serviços relacionados'),
(467, 'H', 52, '52.2', '52.22-2', 'Terminais rodoviários e ferroviários'),
(468, 'H', 52, '52.2', '52.23-1', 'Estacionamento de veículos'),
(469, 'H', 52, '52.2', '52.29-0', 'Atividades auxiliares dos transportes terrestres não especificadas anteriormente'),
(470, 'H', 52, '52.3', '52.31-1', 'Gestão de portos e terminais'),
(471, 'H', 52, '52.3', '52.32-0', 'Atividades de agenciamento marítimo'),
(472, 'H', 52, '52.3', '52.39-7', 'Atividades auxiliares dos transportes aquaviários não especificadas anteriormente'),
(473, 'H', 52, '52.4', '52.40-1', 'Atividades auxiliares dos transportes aéreos'),
(474, 'H', 52, '52.5', '52.50-8', 'Atividades relacionadas à organização do transporte de carga'),
(475, 'H', 53, '53.1', '53.10-5', 'Atividades de Correio'),
(476, 'H', 53, '53.2', '53.20-2', 'Atividades de malote e de entrega'),
(477, 'I', 55, '55.1', '55.10-8', 'Hotéis e similares'),
(478, 'I', 55, '55.9', '55.90-6', 'Outros tipos de alojamento não especificados anteriormente'),
(479, 'I', 56, '56.1', '56.11-2', 'Restaurantes e outros estabelecimentos de serviços de alimentação e bebidas'),
(480, 'I', 56, '56.1', '56.12-1', 'Serviços ambulantes de alimentação'),
(481, 'I', 56, '56.2', '56.20-1', 'Serviços de catering, bufê e outros serviços de comida preparada'),
(482, 'J', 58, '58.1', '58.11-5', 'Edição de livros'),
(483, 'J', 58, '58.1', '58.12-3', 'Edição de jornais'),
(484, 'J', 58, '58.1', '58.13-1', 'Edição de revistas'),
(485, 'J', 58, '58.1', '58.19-1', 'Edição de cadastros, listas e outros produtos gráficos'),
(486, 'J', 58, '58.2', '58.21-2', 'Edição integrada à impressão de livros'),
(487, 'J', 58, '58.2', '58.22-1', 'Edição integrada à impressão de jornais'),
(488, 'J', 58, '58.2', '58.23-9', 'Edição integrada à impressão de revistas'),
(489, 'J', 58, '58.2', '58.29-8', 'Edição integrada à impressão de cadastros, listas e outros produtos gráficos'),
(490, 'J', 59, '59.1', '59.11-1', 'Atividades de produção cinematográfica, de vídeos e de programas de televisão'),
(491, 'J', 59, '59.1', '59.12-0', 'Atividades de pós-produção cinematográfica, de vídeos e de programas de televisão'),
(492, 'J', 59, '59.1', '59.13-8', 'Distribuição cinematográfica, de vídeo e de programas de televisão'),
(493, 'J', 59, '59.1', '59.14-6', 'Atividades de exibição cinematográfica'),
(494, 'J', 59, '59.2', '59.20-1', 'Atividades de gravação de som e de edição de música'),
(495, 'J', 60, '60.1', '60.10-1', 'Atividades de rádio'),
(496, 'J', 60, '60.2', '60.21-7', 'Atividades de televisão aberta'),
(497, 'J', 60, '60.2', '60.22-5', 'Programadoras e atividades relacionadas à televisão por assinatura'),
(498, 'J', 61, '61.1', '61.10-8', 'Telecomunicações por fio'),
(499, 'J', 61, '61.2', '61.20-5', 'Telecomunicações sem fio'),
(500, 'J', 61, '61.3', '61.30-2', 'Telecomunicações por satélite'),
(501, 'J', 61, '61.4', '61.41-8', 'Operadoras de televisão por assinatura por cabo'),
(502, 'J', 61, '61.4', '61.42-6', 'Operadoras de televisão por assinatura por microondas'),
(503, 'J', 61, '61.4', '61.43-4', 'Operadoras de televisão por assinatura por satélite'),
(504, 'J', 61, '61.9', '61.90-6', 'Outras atividades de telecomunicações'),
(505, 'J', 62, '62.0', '62.01-5', 'Desenvolvimento de programas de computador sob encomenda'),
(506, 'J', 62, '62.0', '62.02-3', 'Desenvolvimento e licenciamento de programas de computador customizáveis'),
(507, 'J', 62, '62.0', '62.03-1', 'Desenvolvimento e licenciamento de programas de computador não-customizáveis'),
(508, 'J', 62, '62.0', '62.04-0', 'Consultoria em tecnologia da informação'),
(509, 'J', 62, '62.0', '62.09-1', 'Suporte técnico, manutenção e outros serviços em tecnologia da informação'),
(510, 'J', 63, '63.1', '63.11-9', 'Tratamento de dados, provedores de serviços de aplicação e serviços de hospedagem na internet'),
(511, 'J', 63, '63.1', '63.19-4', 'Portais, provedores de conteúdo e outros serviços de informação na internet'),
(512, 'J', 63, '63.9', '63.91-7', 'Agências de notícias'),
(513, 'J', 63, '63.9', '63.99-2', 'Outras atividades de prestação de serviços de informação não especificadas anteriormente'),
(514, 'K', 64, '64.1', '64.10-7', 'Banco Central'),
(515, 'K', 64, '64.2', '64.21-2', 'Bancos comerciais'),
(516, 'K', 64, '64.2', '64.22-1', 'Bancos múltiplos, com carteira comercial'),
(517, 'K', 64, '64.2', '64.23-9', 'Caixas econômicas'),
(518, 'K', 64, '64.2', '64.24-7', 'Crédito cooperativo'),
(519, 'K', 64, '64.3', '64.31-0', 'Bancos múltiplos, sem carteira comercial'),
(520, 'K', 64, '64.3', '64.32-8', 'Bancos de investimento'),
(521, 'K', 64, '64.3', '64.33-6', 'Bancos de desenvolvimento'),
(522, 'K', 64, '64.3', '64.34-4', 'Agências de fomento'),
(523, 'K', 64, '64.3', '64.35-2', 'Crédito imobiliário'),
(524, 'K', 64, '64.3', '64.36-1', 'Sociedades de crédito, financiamento e investimento - financeiras'),
(525, 'K', 64, '64.3', '64.37-9', 'Sociedades de crédito ao microempreendedor'),
(526, 'K', 64, '64.3', '64.38-7', 'Bancos de câmbio e outras instituições de intermediação não-monetária'),
(527, 'K', 64, '64.4', '64.40-9', 'Arrendamento mercantil'),
(528, 'K', 64, '64.5', '64.50-6', 'Sociedades de capitalização'),
(529, 'K', 64, '64.6', '64.61-1', 'Holdings de instituições financeiras'),
(530, 'K', 64, '64.6', '64.62-0', 'Holdings de instituições não-financeiras'),
(531, 'K', 64, '64.6', '64.63-8', 'Outras sociedades de participação, exceto holdings'),
(532, 'K', 64, '64.7', '64.70-1', 'Fundos de investimento'),
(533, 'K', 64, '64.9', '64.91-3', 'Sociedades de fomento mercantil - factoring'),
(534, 'K', 64, '64.9', '64.92-1', 'Securitização de créditos'),
(535, 'K', 64, '64.9', '64.93-0', 'Administração de consórcios para aquisição de bens e direitos'),
(536, 'K', 64, '64.9', '64.99-9', 'Outras atividades de serviços financeiros não especificadas anteriormente'),
(537, 'K', 65, '65.1', '65.11-1', 'Seguros de vida'),
(538, 'K', 65, '65.1', '65.12-0', 'Seguros não-vida'),
(539, 'K', 65, '65.2', '65.20-1', 'Seguros-saúde'),
(540, 'K', 65, '65.3', '65.30-8', 'Resseguros');
INSERT INTO `bl_cnae` (`cnae_id`, `cnae_secao`, `cnae_divisao`, `cnae_grupo`, `cnae_classe`, `cnae_denominacao`) VALUES
(541, 'K', 65, '65.4', '65.41-3', 'Previdência complementar fechada'),
(542, 'K', 65, '65.4', '65.42-1', 'Previdência complementar aberta'),
(543, 'K', 65, '65.5', '65.50-2', 'Planos de saúde'),
(544, 'K', 66, '66.1', '66.11-8', 'Administração de bolsas e mercados de balcão organizados'),
(545, 'K', 66, '66.1', '66.12-6', 'Atividades de intermediários em transações de títulos, valores mobiliários e mercadorias'),
(546, 'K', 66, '66.1', '66.13-4', 'Administração de cartões de crédito'),
(547, 'K', 66, '66.1', '66.19-3', 'Atividades auxiliares dos serviços financeiros não especificadas anteriormente'),
(548, 'K', 66, '66.2', '66.21-5', 'Avaliação de riscos e perdas'),
(549, 'K', 66, '66.2', '66.22-3', 'Corretores e agentes de seguros, de planos de previdência complementar e de saúde'),
(550, 'K', 66, '66.2', '66.29-1', 'Atividades auxiliares dos seguros, da previdência complementar e dos planos de saúde não especificadas anteriormente'),
(551, 'K', 66, '66.3', '66.30-4', 'Atividades de administração de fundos por contrato ou comissão'),
(552, 'L', 68, '68.1', '68.10-2', 'Atividades imobiliárias de imóveis próprios'),
(553, 'L', 68, '68.2', '68.21-8', 'Intermediação na compra, venda e aluguel de imóveis'),
(554, 'L', 68, '68.2', '68.22-6', 'Gestão e administração da propriedade imobiliária'),
(555, 'M', 69, '69.1', '69.11-7', 'Atividades jurídicas, exceto cartórios'),
(556, 'M', 69, '69.1', '69.12-5', 'Cartórios'),
(557, 'M', 69, '69.2', '69.20-6', 'Atividades de contabilidade, consultoria e auditoria contábil e tributária'),
(558, 'M', 70, '70.1', '70.10-7', 'Sedes de empresas e unidades administrativas locais'),
(559, 'M', 70, '70.2', '70.20-4', 'Atividades de consultoria em gestão empresarial'),
(560, 'M', 71, '71.1', '71.11-1', 'Serviços de arquitetura'),
(561, 'M', 71, '71.1', '71.12-0', 'Serviços de engenharia'),
(562, 'M', 71, '71.1', '71.19-7', 'Atividades técnicas relacionadas à arquitetura e engenharia'),
(563, 'M', 71, '71.2', '71.20-1', 'Testes e análises técnicas'),
(564, 'M', 72, '72.1', '72.10-0', 'Pesquisa e desenvolvimento experimental em ciências físicas e naturais'),
(565, 'M', 72, '72.2', '72.20-7', 'Pesquisa e desenvolvimento experimental em ciências sociais e humanas'),
(566, 'M', 73, '73.1', '73.11-4', 'Agências de publicidade'),
(567, 'M', 73, '73.1', '73.12-2', 'Agenciamento de espaços para publicidade, exceto em veículos de comunicação'),
(568, 'M', 73, '73.1', '73.19-0', 'Atividades de publicidade não especificadas anteriormente'),
(569, 'M', 73, '73.2', '73.20-3', 'Pesquisas de mercado e de opinião pública'),
(570, 'M', 74, '74.1', '74.10-2', 'Design e decoração de interiores'),
(571, 'M', 74, '74.2', '74.20-0', 'Atividades fotográficas e similares'),
(572, 'M', 74, '74.9', '74.90-1', 'Atividades profissionais, científicas e técnicas não especificadas anteriormente'),
(573, 'M', 75, '75.0', '75.00-1', 'Atividades veterinárias'),
(574, 'N', 77, '77.1', '77.11-0', 'Locação de automóveis sem condutor'),
(575, 'N', 77, '77.1', '77.19-5', 'Locação de meios de transporte, exceto automóveis, sem condutor'),
(576, 'N', 77, '77.2', '77.21-7', 'Aluguel de equipamentos recreativos e esportivos'),
(577, 'N', 77, '77.2', '77.22-5', 'Aluguel de fitas de vídeo, DVDs e similares'),
(578, 'N', 77, '77.2', '77.23-3', 'Aluguel de objetos do vestuário, jóias e acessórios'),
(579, 'N', 77, '77.2', '77.29-2', 'Aluguel de objetos pessoais e domésticos não especificados anteriormente'),
(580, 'N', 77, '77.3', '77.31-4', 'Aluguel de máquinas e equipamentos agrícolas sem operador'),
(581, 'N', 77, '77.3', '77.32-2', 'Aluguel de máquinas e equipamentos para construção sem operador'),
(582, 'N', 77, '77.3', '77.33-1', 'Aluguel de máquinas e equipamentos para escritório'),
(583, 'N', 77, '77.3', '77.39-0', 'Aluguel de máquinas e equipamentos não especificados anteriormente'),
(584, 'N', 77, '77.4', '77.40-3', 'Gestão de ativos intangíveis não-financeiros'),
(585, 'N', 78, '78.1', '78.10-8', 'Seleção e agenciamento de mão-de-obra'),
(586, 'N', 78, '78.2', '78.20-5', 'Locação de mão-de-obra temporária'),
(587, 'N', 78, '78.3', '78.30-2', 'Fornecimento e gestão de recursos humanos para terceiros'),
(588, 'N', 79, '79.1', '79.11-2', 'Agências de viagens'),
(589, 'N', 79, '79.1', '79.12-1', 'Operadores turísticos'),
(590, 'N', 79, '79.9', '79.90-2', 'Serviços de reservas e outros serviços de turismo não especificados anteriormente'),
(591, 'N', 80, '80.1', '80.11-1', 'Atividades de vigilância e segurança privada'),
(592, 'N', 80, '80.1', '80.12-9', 'Atividades de transporte de valores'),
(593, 'N', 80, '80.2', '80.20-0', 'Atividades de monitoramento de sistemas de segurança'),
(594, 'N', 80, '80.3', '80.30-7', 'Atividades de investigação particular'),
(595, 'N', 81, '81.1', '81.11-7', 'Serviços combinados para apoio a edifícios, exceto condomínios prediais'),
(596, 'N', 81, '81.1', '81.12-5', 'Condomínios prediais'),
(597, 'N', 81, '81.2', '81.21-4', 'Limpeza em prédios e em domicílios'),
(598, 'N', 81, '81.2', '81.22-2', 'Imunização e controle de pragas urbanas'),
(599, 'N', 81, '81.2', '81.29-0', 'Atividades de limpeza não especificadas anteriormente'),
(600, 'N', 81, '81.3', '81.30-3', 'Atividades paisagísticas'),
(601, 'N', 82, '82.1', '82.11-3', 'Serviços combinados de escritório e apoio administrativo'),
(602, 'N', 82, '82.1', '82.19-9', 'Fotocópias, preparação de documentos e outros serviços especializados de apoio administrativo'),
(603, 'N', 82, '82.2', '82.20-2', 'Atividades de teleatendimento'),
(604, 'N', 82, '82.3', '82.30-0', 'Atividades de organização de eventos, exceto culturais e esportivos'),
(605, 'N', 82, '82.9', '82.91-1', 'Atividades de cobrança e informações cadastrais'),
(606, 'N', 82, '82.9', '82.92-0', 'Envasamento e empacotamento sob contrato'),
(607, 'N', 82, '82.9', '82.99-7', 'Atividades de serviços prestados principalmente às empresas não especificadas anteriormente'),
(608, 'O', 84, '84.1', '84.11-6', 'Administração pública em geral'),
(609, 'O', 84, '84.1', '84.12-4', 'Regulação das atividades de saúde, educação, serviços culturais e outros serviços sociais'),
(610, 'O', 84, '84.1', '84.13-2', 'Regulação das atividades econômicas'),
(611, 'O', 84, '84.2', '84.21-3', 'Relações exteriores'),
(612, 'O', 84, '84.2', '84.22-1', 'Defesa'),
(613, 'O', 84, '84.2', '84.23-0', 'Justiça'),
(614, 'O', 84, '84.2', '84.24-8', 'Segurança e ordem pública'),
(615, 'O', 84, '84.2', '84.25-6', 'Defesa Civil'),
(616, 'O', 84, '84.3', '84.30-2', 'Seguridade social obrigatória'),
(617, 'P', 85, '85.1', '85.11-2', 'Educação infantil - creche'),
(618, 'P', 85, '85.1', '85.12-1', 'Educação infantil - pré-escola'),
(619, 'P', 85, '85.1', '85.13-9', 'Ensino fundamental'),
(620, 'P', 85, '85.2', '85.20-1', 'Ensino médio'),
(621, 'P', 85, '85.3', '85.31-7', 'Educação superior - graduação'),
(622, 'P', 85, '85.3', '85.32-5', 'Educação superior - graduação e pós-graduação'),
(623, 'P', 85, '85.3', '85.33-3', 'Educação superior - pós-graduação e extensão'),
(624, 'P', 85, '85.4', '85.41-4', 'Educação profissional de nível técnico'),
(625, 'P', 85, '85.4', '85.42-2', 'Educação profissional de nível tecnológico'),
(626, 'P', 85, '85.5', '85.50-3', 'Atividades de apoio à educação'),
(627, 'P', 85, '85.9', '85.91-1', 'Ensino de esportes'),
(628, 'P', 85, '85.9', '85.92-9', 'Ensino de arte e cultura'),
(629, 'P', 85, '85.9', '85.93-7', 'Ensino de idiomas'),
(630, 'P', 85, '85.9', '85.99-6', 'Atividades de ensino não especificadas anteriormente'),
(631, 'Q', 86, '86.1', '86.10-1', 'Atividades de atendimento hospitalar'),
(632, 'Q', 86, '86.2', '86.21-6', 'Serviços móveis de atendimento a urgências'),
(633, 'Q', 86, '86.2', '86.22-4', 'Serviços de remoção de pacientes, exceto os serviços móveis de atendimento a urgências'),
(634, 'Q', 86, '86.3', '86.30-5', 'Atividades de atenção ambulatorial executadas por médicos e odontólogos'),
(635, 'Q', 86, '86.4', '86.40-2', 'Atividades de serviços de complementação diagnóstica e terapêutica'),
(636, 'Q', 86, '86.5', '86.50-0', 'Atividades de profissionais da área de saúde, exceto médicos e odontólogos'),
(637, 'Q', 86, '86.6', '86.60-7', 'Atividades de apoio à gestão de saúde'),
(638, 'Q', 86, '86.9', '86.90-9', 'Atividades de atenção à saúde humana não especificadas anteriormente'),
(639, 'Q', 87, '87.1', '87.11-5', 'Atividades de assistência a idosos, deficientes físicos, imunodeprimidos e convalescentes prestadas em residências coletivas e particulares'),
(640, 'Q', 87, '87.1', '87.12-3', 'Atividades de fornecimento de infra-estrutura de apoio e assistência a paciente no domicílio'),
(641, 'Q', 87, '87.2', '87.20-4', 'Atividades de assistência psicossocial e à saúde a portadores de distúrbios psíquicos, deficiência mental e dependência química'),
(642, 'Q', 87, '87.3', '87.30-1', 'Atividades de assistência social prestadas em residências coletivas e particulares'),
(643, 'Q', 88, '88.0', '88.00-6', 'Serviços de assistência social sem alojamento'),
(644, 'R', 90, '90.0', '90.01-9', 'Artes cênicas, espetáculos e atividades complementares'),
(645, 'R', 90, '90.0', '90.02-7', 'Criação artística'),
(646, 'R', 90, '90.0', '90.03-5', 'Gestão de espaços para artes cênicas, espetáculos e outras atividades artísticas'),
(647, 'R', 91, '91.0', '91.01-5', 'Atividades de bibliotecas e arquivos'),
(648, 'R', 91, '91.0', '91.02-3', 'Atividades de museus e de exploração, restauração artística e conservação de lugares e prédios históricos e atrações similares'),
(649, 'R', 91, '91.0', '91.03-1', 'Atividades de jardins botânicos, zoológicos, parques nacionais, reservas ecológicas e áreas de proteção ambiental'),
(650, 'R', 92, '92.0', '92.00-3', 'Atividades de exploração de jogos de azar e apostas'),
(651, 'R', 93, '93.1', '93.11-5', 'Gestão de instalações de esportes'),
(652, 'R', 93, '93.1', '93.12-3', 'Clubes sociais, esportivos e similares'),
(653, 'R', 93, '93.1', '93.13-1', 'Atividades de condicionamento físico'),
(654, 'R', 93, '93.1', '93.19-1', 'Atividades esportivas não especificadas anteriormente'),
(655, 'R', 93, '93.2', '93.21-2', 'Parques de diversão e parques temáticos'),
(656, 'R', 93, '93.2', '93.29-8', 'Atividades de recreação e lazer não especificadas anteriormente'),
(657, 'S', 94, '94.1', '94.11-1', 'Atividades de organizações associativas patronais e empresariais'),
(658, 'S', 94, '94.1', '94.12-0', 'Atividades de organizações associativas profissionais'),
(659, 'S', 94, '94.2', '94.20-1', 'Atividades de organizações sindicais'),
(660, 'S', 94, '94.3', '94.30-8', 'Atividades de associações de defesa de direitos sociais'),
(661, 'S', 94, '94.9', '94.91-0', 'Atividades de organizações religiosas'),
(662, 'S', 94, '94.9', '94.92-8', 'Atividades de organizações políticas'),
(663, 'S', 94, '94.9', '94.93-6', 'Atividades de organizações associativas ligadas à cultura e à arte'),
(664, 'S', 94, '94.9', '94.99-5', 'Atividades associativas não especificadas anteriormente'),
(665, 'S', 95, '95.1', '95.11-8', 'Reparação e manutenção de computadores e de equipamentos periféricos'),
(666, 'S', 95, '95.1', '95.12-6', 'Reparação e manutenção de equipamentos de comunicação'),
(667, 'S', 95, '95.2', '95.21-5', 'Reparação e manutenção de equipamentos eletroeletrônicos de uso pessoal e doméstico'),
(668, 'S', 95, '95.2', '95.29-1', 'Reparação e manutenção de objetos e equipamentos pessoais e domésticos não especificados anteriormente'),
(669, 'S', 96, '96.0', '96.01-7', 'Lavanderias, tinturarias e toalheiros'),
(670, 'S', 96, '96.0', '96.02-5', 'Cabeleireiros e outras atividades de tratamento de beleza'),
(671, 'S', 96, '96.0', '96.03-3', 'Atividades funerárias e serviços relacionados'),
(672, 'S', 96, '96.0', '96.09-2', 'Atividades de serviços pessoais não especificadas anteriormente'),
(673, 'T', 97, '97.0', '97.00-5', 'Serviços domésticos'),
(674, 'U', 99, '99.0', '99.00-8', 'Organismos internacionais e outras instituições extraterritoriais');

-- --------------------------------------------------------

--
-- Estrutura da tabela `bl_entidade`
--

CREATE TABLE IF NOT EXISTS `bl_entidade` (
  `ent_id` int(10) NOT NULL auto_increment COMMENT 'identifica com exclusividade o associado',
  `ent_codigo_findes` int(2) NOT NULL default '25',
  `ent_sigla` varchar(50) NOT NULL,
  `ent_razao_social` varchar(255) NOT NULL COMMENT 'armazena a razão social do associado',
  `ent_nome_fantasia` varchar(255) default NULL COMMENT 'armazena o nome de fantasia do associado',
  `ent_cnpj` varchar(14) NOT NULL COMMENT 'armazena o cnpj do associado',
  `ent_logradouro` varchar(255) NOT NULL COMMENT 'armazena o logradouro do associado',
  `ent_numero` int(6) NOT NULL default '0' COMMENT 'armazena o número do endereço do associado',
  `ent_complemento` varchar(50) NOT NULL default 'sem complemento' COMMENT 'armazena o complemento do endereço do associado',
  `ent_bairro` varchar(100) NOT NULL COMMENT 'armazena o bairro do endereço do associado',
  `ent_municipio` varchar(100) NOT NULL COMMENT 'armazena municipio da associada',
  `ent_uf` char(2) NOT NULL COMMENT 'armazena a uf da associada',
  `ent_cep` int(8) NOT NULL COMMENT 'armazena cep da associada',
  `ent_telefone` int(8) NOT NULL COMMENT 'armazena nro telefone da associada',
  `ent_fax` int(8) default NULL COMMENT 'armanzena nro fax da associada',
  `ent_email_empresa` varchar(255) NOT NULL COMMENT 'armazena email da associada',
  `ent_site` varchar(255) default NULL COMMENT 'armazena o site da associada',
  `ent_nro_funcionarios` int(6) NOT NULL COMMENT 'armazena nro de funcionários da associada',
  `ent_capital_social` float(10,2) NOT NULL COMMENT 'armazena vr capital social do associado',
  `ent_optante_simples` char(1) NOT NULL COMMENT 'S=sim N=não: informa se o associado é optante do simples nacional',
  `ent_ativ_principal` varchar(255) NOT NULL COMMENT 'armazena informações sobre a atividade principal da associada',
  `ent_pessoa_contato` varchar(255) NOT NULL COMMENT 'armazena nome do contato na associada',
  `ent_email_pessoa_contato` varchar(255) NOT NULL COMMENT 'armazena email da pessoa de contato na associada',
  `ent_nome_presidente` varchar(255) NOT NULL,
  `ent_nome_admin_empresa` varchar(255) NOT NULL COMMENT 'armazena nome do administrador da associada',
  `ent_email_admin_empresa` varchar(255) NOT NULL COMMENT 'armazena email do administrador da associada',
  `ent_ci_admin_empresa` int(10) default NULL COMMENT 'armazena ci do administrador da associada',
  `ent_cpf_admin_empresa` varchar(11) default NULL COMMENT 'armazena cpf do administrador da associada',
  `ent_telefone_admin_empresa` int(8) NOT NULL COMMENT 'armazena telefone administrador da associada',
  `ent_senha_acesso` varchar(10) default NULL COMMENT 'armazena senha de acesso da associada',
  `ent_cadastro_ativo` char(1) NOT NULL default 'N' COMMENT 'S=sim N=não: define a situação cadastral da associada',
  PRIMARY KEY  (`ent_id`),
  UNIQUE KEY `ent_cnpj` (`ent_cnpj`)
) ENGINE=InnoDB  DEFAULT CHARSET=latin1 AUTO_INCREMENT=9 ;

--
-- Extraindo dados da tabela `bl_entidade`
--

INSERT INTO `bl_entidade` (`ent_id`, `ent_codigo_findes`, `ent_sigla`, `ent_razao_social`, `ent_nome_fantasia`, `ent_cnpj`, `ent_logradouro`, `ent_numero`, `ent_complemento`, `ent_bairro`, `ent_municipio`, `ent_uf`, `ent_cep`, `ent_telefone`, `ent_fax`, `ent_email_empresa`, `ent_site`, `ent_nro_funcionarios`, `ent_capital_social`, `ent_optante_simples`, `ent_ativ_principal`, `ent_pessoa_contato`, `ent_email_pessoa_contato`, `ent_nome_presidente`, `ent_nome_admin_empresa`, `ent_email_admin_empresa`, `ent_ci_admin_empresa`, `ent_cpf_admin_empresa`, `ent_telefone_admin_empresa`, `ent_senha_acesso`, `ent_cadastro_ativo`) VALUES
(8, 25, 'SINDINFO', 'Sindicato das Empresas de Inform&aacute;tica no Estado do Esp&iacute;rito Santo', 'SINDINFO', '36363877000194', 'Av. Nossa Senhora da Penha', 2053, 'Ed. Findes, 6&deg; andar', 'Santa L&uacute;cia', 'Vit&oacute;ria', 'ES', 29056913, 33345686, 32251833, 'secretaria@sindinfo.com.br', 'www.sindinfo.com.br', 2, 3000000.00, 'N', 'SINDICATO', 'Ilma', 'secretaria@blinfo.com.br', 'Ben&iacute;zio L&aacute;zaro', 'BL', 'secretaria@blinfo.com.br', 999999, '99999999999', 33430650, '1', 'N');

-- --------------------------------------------------------

--
-- Estrutura da tabela `bl_municipio`
--

CREATE TABLE IF NOT EXISTS `bl_municipio` (
  `mun_id` int(6) NOT NULL auto_increment,
  `mun_nome` varchar(255) NOT NULL,
  PRIMARY KEY  (`mun_id`)
) ENGINE=InnoDB  DEFAULT CHARSET=latin1 AUTO_INCREMENT=72 ;

--
-- Extraindo dados da tabela `bl_municipio`
--

INSERT INTO `bl_municipio` (`mun_id`, `mun_nome`) VALUES
(1, 'Afonso Cl&aacute;udio'),
(2, '&Aacute;guia Branca'),
(3, 'Alegre'),
(4, 'Alfredo Chaves'),
(5, 'Anchieta'),
(6, 'Apiac&aacute;'),
(7, 'Aracruz'),
(8, 'At&iacute;lio Viv&aacute;qua'),
(9, 'Barra de S&atilde;o Francisco'),
(10, 'Baixo Guandu'),
(11, 'Boa Esperan&ccedil;a'),
(12, 'Brejetuba'),
(13, 'Cachoeiro do Itapemirim'),
(14, 'Cariacica'),
(15, 'Castelo'),
(16, 'Colatina'),
(17, 'Concei&ccedil;&atilde;o da Barra'),
(18, 'Concei&ccedil;&atilde;o do Castelo'),
(19, 'Domingos Martins'),
(20, 'Dores do Rio Preto'),
(21, 'Ecoporanga'),
(22, 'Fund&atilde;o'),
(23, 'Governador Lindemberg'),
(24, 'Guacu&iacute;'),
(25, 'Guarapari'),
(26, 'Ibatiba'),
(27, 'Ibira&ccedil;u'),
(28, 'Ibitirama'),
(29, 'Iconha'),
(30, 'Irupi'),
(31, 'Itagua&ccedil;&uacute;'),
(32, 'Itapemirim'),
(33, 'Itarana'),
(34, 'I&uacute;na'),
(35, 'Jaguar&eacute;'),
(36, 'Jer&ocirc;nimo Monteiro'),
(37, 'Jo&atilde;o Neiva'),
(38, 'Laranja da Terra'),
(39, 'Linhares'),
(40, 'Manten&oacute;polis'),
(41, 'Marata&iacute;zes'),
(42, 'Marechal Floriano'),
(43, 'Maril&acirc;ndia'),
(44, 'Montanha'),
(45, 'Mucurici'),
(46, 'Mimoso do Sul'),
(47, 'Muniz Freire'),
(48, 'Muqui'),
(49, 'Nova Ven&eacute;cia'),
(50, 'Pancas'),
(51, 'Pedro Can&aacute;rio'),
(52, 'Pinheiros'),
(53, 'Ponto Belo'),
(54, 'Presidente Kennedy'),
(55, 'Rio Bananal'),
(56, 'Rio Novo do Sul'),
(57, 'Santa Leopoldina'),
(58, 'Santa Maria de Jetib&aacute;'),
(59, 'Santa Teresa'),
(60, 'S&atilde;o Gabriel da Palha'),
(61, 'S&atilde;o Jos&eacute; do Cal&ccedil;ado'),
(62, 'S&atilde;o Mateus'),
(63, 'S&atilde;o Roque do Cana&atilde;'),
(64, 'Serra'),
(65, 'Vargem Alta'),
(66, 'Venda Nova do Imigrante'),
(67, 'Viana'),
(68, 'Vila Pav&atilde;o'),
(69, 'Vila Val&eacute;rio'),
(70, 'Vila Velha'),
(71, 'Vit&oacute;ria');

-- --------------------------------------------------------

--
-- Estrutura da tabela `bl_produto`
--

CREATE TABLE IF NOT EXISTS `bl_produto` (
  `prod_id` int(6) NOT NULL auto_increment,
  `ass_id` int(6) NOT NULL,
  `tipo_prod_id` int(6) NOT NULL,
  `prod_descricao` varchar(255) NOT NULL,
  `prod_logo` varchar(255) default NULL,
  `prod_imagem` varchar(255) default NULL,
  `prod_situacao` char(1) NOT NULL default 'S',
  PRIMARY KEY  (`prod_id`),
  KEY `ass_id` (`ass_id`),
  KEY `tipo_prod_id` (`tipo_prod_id`)
) ENGINE=InnoDB  DEFAULT CHARSET=latin1 AUTO_INCREMENT=271 ;

--
-- Extraindo dados da tabela `bl_produto`
--

INSERT INTO `bl_produto` (`prod_id`, `ass_id`, `tipo_prod_id`, `prod_descricao`, `prod_logo`, `prod_imagem`, `prod_situacao`) VALUES
(1, 4, 1, 'Gest&#227;o de Processos', NULL, '', 'S'),
(2, 4, 2, 'Business Intelligence', NULL, '', 'S'),
(3, 4, 2, 'Gest&#227;o de Portifólio de Projetos', NULL, '', 'S'),
(4, 4, 17, 'GED', NULL, '', 'S'),
(5, 7, 2, 'Software para Gerenciamento de Projetos', NULL, '', 'S'),
(6, 7, 2, 'Serviços e Treinamentos em Gerenciamento de Projetos', NULL, '', 'S'),
(7, 7, 15, 'Treinamentos em Gerenciamento de Projetos', NULL, '', 'S'),
(8, 11, 1, 'Software Gest&#227;o Pública e Privada', NULL, '', 'S'),
(9, 11, 1, 'Assessoria Técnicas,Administrativas, Contábil e Tributária', NULL, '', 'S'),
(10, 11, 4, 'Crachás', NULL, '', 'S'),
(11, 11, 3, 'Fornecimento de Internet', NULL, '', 'S'),
(12, 11, 3, 'Infraestrutura de Rede', NULL, '', 'S'),
(13, 11, 3, 'Infovias', NULL, '', 'S'),
(14, 14, 4, 'Software SIA - ATMOS', NULL, '', 'S'),
(15, 14, 4, 'Software SIA - SOLIDUS', NULL, '', 'S'),
(16, 14, 4, 'Software SIA - VISUM', NULL, '', 'S'),
(17, 14, 4, 'Software SIA - MIGRIS', NULL, '', 'S'),
(18, 19, 5, 'Q-Jurídico', NULL, '', 'S'),
(19, 19, 5, 'Q-J', NULL, '', 'S'),
(20, 19, 13, 'Q-Acad&#234;mico', NULL, '', 'S'),
(21, 19, 13, 'Q-Seleç&#227;o', NULL, '', 'S'),
(22, 19, 13, 'Q-Cartório', NULL, '', 'S'),
(23, 22, 6, 'Produtos de Informática', NULL, '', 'S'),
(24, 22, 7, 'Assist&#234;ncia Técnica de Hardware', NULL, '', 'S'),
(25, 22, 8, 'Assist&#234;ncia Técnica de Softwares', NULL, '', 'S'),
(26, 22, 3, 'Assist&#234;ncia Técnica de Redes', NULL, '', 'S'),
(27, 22, 7, 'Assist&#234;ncia Técnica Autorizada IBM', NULL, '', 'S'),
(28, 22, 7, 'Assist&#234;ncia Técnica Autorizada LEMOVO para o ES', NULL, '', 'S'),
(29, 24, 5, 'Desenvolvimento de Software por Demanda', NULL, '', 'S'),
(30, 25, 9, 'ERP - Gerência de Módulos ', NULL, '', 'S'),
(31, 25, 9, 'ERP - Recursos Humanos', NULL, '', 'S'),
(32, 25, 9, 'ERP - Produç&#227;o de Confecç&#245;es', NULL, '', 'S'),
(33, 25, 9, 'ERP - Faturamento', NULL, '', 'S'),
(34, 25, 9, 'ERP - Compras', NULL, '', 'S'),
(35, 25, 9, 'ERP - Ordens de Serviços', NULL, '', 'S'),
(36, 26, 3, 'Infraestrutura de Rede', NULL, '', 'S'),
(37, 26, 5, 'Segurança', NULL, '', 'S'),
(38, 26, 5, 'Desenvolvimento de Sistemas', NULL, '', 'S'),
(39, 26, 10, 'Comercializaç&#227;o de Software', NULL, '', 'S'),
(40, 29, 10, 'Integro', NULL, '', 'S'),
(41, 29, 10, 'PDV ', NULL, '', 'S'),
(42, 29, 10, 'Módulos NF-e e Food', NULL, '', 'S'),
(43, 28, 3, 'Serviços de Provimento de acesso &#224; Internet', NULL, '', 'S'),
(44, 28, 3, 'Interconex&#227;o e transmiss&#227;o de voz e imagens', NULL, '', 'S'),
(45, 28, 3, 'Voip', NULL, '', 'S'),
(46, 30, 11, 'Forum Online', NULL, '', 'S'),
(47, 30, 5, 'Gerenciador Jurídico', NULL, '', 'S'),
(48, 35, 10, 'ERP - SAP', NULL, '', 'S'),
(49, 35, 11, 'Desenvolvimento Web', NULL, '', 'S'),
(50, 35, 12, 'Consultoria', NULL, '', 'S'),
(51, 36, 5, 'Desenvolvimento de Software sob Medida', NULL, '', 'S'),
(52, 36, 1, 'Soluç&#245;es de Logística e Planejamento e Controle da Produç&#227;o', NULL, '', 'S'),
(53, 36, 1, 'Proj. de Vis&#227;o Computacional para Controle e Dimensionamento em Processo.', NULL, '', 'S'),
(54, 36, 5, 'Desenvolvimento de Software  de Otimizaç&#227;o e Pesquisa Operacional', NULL, '', 'S'),
(55, 39, 4, '1.	Sistema de Pesquisa de Opini&#245;es - SIPOS', NULL, '', 'S'),
(56, 39, 4, '2.	Sistema Financeiro Online - FINANC', NULL, '', 'S'),
(57, 39, 4, 'Sistema Acad&#234;mico &#8211; SIACAD', NULL, '', 'S'),
(58, 39, 11, 'Portal de Vendas - VENDITE', NULL, '', 'S'),
(59, 39, 13, 'Administraç&#227;o de servidores: Linux', NULL, '', 'S'),
(60, 39, 13, 'Administraç&#227;o de servidores: Unixe', NULL, '', 'S'),
(61, 41, 4, 'Autobahn - Software para gest&#227;o de Locadoras de Veículos', NULL, '', 'S'),
(62, 41, 4, 'Altitudo - Software para gest&#227;o de Locadoras de Bens Móveis (ex: Cont&#234;iner, Caçamba, Andaimes,etc)', NULL, '', 'S'),
(63, 41, 4, 'PDI - Software para avaliar a Atenç&#227;o e Concentraç&#227;o dos Colaboradores de forma a prevenir acidentes', NULL, '', 'S'),
(64, 42, 5, 'Desenvolvimento de Programas para Computadores', NULL, '', 'S'),
(65, 42, 14, 'Suporte Técnico', NULL, '', 'S'),
(66, 42, 8, 'Manutenç&#227;o e outros Serviços em Tecnologia da Informaç&#227;o', NULL, '', 'S'),
(67, 42, 15, 'Treinamento em Informática', NULL, '', 'S'),
(68, 46, 12, 'Serviços de Consultoria', NULL, '', 'S'),
(69, 46, 5, 'Desenvolvimento de Softwares ', NULL, '', 'S'),
(71, 46, 2, 'Desenvolvimento de Softwares e Projetos', NULL, '', 'S'),
(72, 47, 11, 'Desenvolvimentos de Sistemas Web', NULL, '', 'S'),
(73, 47, 16, 'Impress&#227;o de Dados Variáveis', NULL, '', 'S'),
(74, 47, 17, 'Gest&#227;o de Documentos Digitais e Guarda de Documentos', NULL, '', 'S'),
(75, 49, 4, 'TeamAudit Risk & Compliance', NULL, '', 'S'),
(76, 49, 4, 'Governance, Risk and Compliance Solutions (GRC)', NULL, '', 'S'),
(77, 49, 5, 'Fábrica de Software', NULL, '', 'S'),
(78, 49, 11, 'Portais Corporativos', NULL, '', 'S'),
(79, 1, 9, 'Radar Empresarial Modular', NULL, 'wk.png', 'S'),
(85, 10, 9, 'Max Empresarial', NULL, 'max_empresarial_2.png', 'S'),
(87, 10, 9, 'M3 Corporativo', NULL, 'm3_corporativo.png', 'S'),
(88, 10, 9, 'M3 Prodígio', NULL, 'm3_prodigio_1.png', 'S'),
(89, 10, 10, 'Net Atacado', NULL, 'net_atacado.png', 'S'),
(90, 10, 10, 'Novo PDV', NULL, 'novo_pdv.png', 'S'),
(91, 10, 10, 'Retaguarda', NULL, 'retaguarda.png', 'S'),
(92, 10, 10, 'Net Estoque', NULL, 'net_estoque.png', 'S'),
(93, 10, 10, 'Net Etiqueta', NULL, 'net_etiqueta.png', 'S'),
(94, 10, 10, 'Net Finan', NULL, 'net_finan.png', 'S'),
(95, 10, 10, 'Net Loja', NULL, 'net_loja.png', 'S'),
(96, 10, 10, 'Net PAF', NULL, 'net_paf.png', 'S'),
(97, 10, 9, 'Máximo Gest&#227;o Empresarial', NULL, 'maximo_gest_emprs_1.png', 'S'),
(98, 15, 12, 'Consultorias', NULL, '', 'S'),
(99, 15, 15, 'Educaç&#227;o Corporativa', NULL, '', 'S'),
(100, 15, 3, 'Soluç&#245;es de Infraestrutura', NULL, '', 'S'),
(101, 15, 1, 'Soluç&#245;es de Processos', NULL, '', 'S'),
(102, 15, 1, 'Soluç&#245;es de Desempenho', NULL, '', 'S'),
(103, 15, 1, 'Soluç&#245;es Sist&#234;micas', NULL, '', 'S'),
(104, 15, 1, 'Soluç&#245;es Administrativas', NULL, '', 'S'),
(105, 37, 9, 'Desenvolvimento e Comercializaç&#227;o do ERP Dolphins', NULL, '', 'S'),
(106, 37, 13, 'Implantaç&#227;o e treinamento do ERP Dolphins', NULL, '', 'S'),
(107, 37, 5, 'Desenvovimento de Aplicativos Corporativos para Web', NULL, '', 'S'),
(108, 37, 5, 'Desenvolvimento de aplicativos para smartphones, tablets e terminais de consulta', NULL, '', 'S'),
(109, 37, 1, 'Desenvolvimento de Projetos de automaç&#227;o de ch&#227;o de fábrica com microterminais e tablets', NULL, '', 'S'),
(110, 37, 11, 'Desenvolvimento de Web Sites Corporativos com integraç&#227;o com software do cliente', NULL, '', 'S'),
(111, 37, 9, 'Dolphins: PAF-ECF', NULL, '', 'S'),
(112, 37, 9, 'Dolphins: Financeiro', NULL, '', 'S'),
(113, 37, 9, 'Dolphins: Estoque', NULL, '', 'S'),
(114, 37, 9, 'Dolphins: Comercial/Faturamento', NULL, '', 'S'),
(115, 37, 9, 'Dolphins: Expediç&#227;o/Logística', NULL, '', 'S'),
(116, 37, 9, 'Dolphins: Orçamento', NULL, '', 'S'),
(117, 37, 9, 'Dolphins: Compras', NULL, '', 'S'),
(118, 37, 9, 'Dolphins: Livros Fiscais', NULL, '', 'S'),
(119, 37, 9, 'Dolphins: Contabilidade', NULL, '', 'S'),
(120, 37, 9, 'Dolphins: Controle de Frota', NULL, '', 'S'),
(121, 37, 9, 'Dolphins: Planejamento e controle da Manutenç&#227;o (PCM)', NULL, '', 'S'),
(122, 37, 9, 'Dolphins: Planejamento e Controle da Produç&#227;o', NULL, '', 'S'),
(123, 37, 9, 'Dolphins: Medicina Ocupacional', NULL, '', 'S'),
(124, 37, 9, 'Dolphins: Nota Fiscal Eletrônica (NF-e)', NULL, '', 'S'),
(125, 37, 9, 'Dolphins: EDF PIS/COFINS', NULL, '', 'S'),
(126, 37, 9, 'SPED Fiscal', NULL, '', 'S'),
(127, 37, 9, 'Dolphins: Conhecimento de Frete Eletrônico', NULL, '', 'S'),
(128, 37, 9, 'Dolphins: Bilhete de Passagem Rodoviário', NULL, '', 'S'),
(129, 37, 9, 'Dolphins: Gest&#227;o de Arrecadaç&#227;o', NULL, '', 'S'),
(130, 37, 5, 'Dolphins: Gest&#227;o Acad&#234;mica - Vestibular, Acad&#234;mico, Biblioteca, Portal do Aluno, Portal do Professor, Coordenaç&#227;o, entre outros', NULL, '', 'S'),
(131, 37, 9, 'Dolphins: Gest&#227;o de Compra e Venda de Café', NULL, '', 'S'),
(132, 37, 9, 'Dolphins: Gest&#227;o dos Processo do Setor de Rochas Ornamentais - Extraç&#227;o, Controle de Pátio, Serrada, Polimento, Marmoraira, Exportaç&#227;o, entre outros', NULL, '', 'S'),
(133, 51, 3, 'Reparaç&#227;o e manutenç&#227;o de equipamentos de comunicaç&#227;o', NULL, '', 'S'),
(134, 51, 3, 'Instalaç&#227;o e manutenç&#227;o de PABX', NULL, '', 'S'),
(135, 51, 7, 'Instalaç&#227;o e manutenç&#227;o de microcomputadores e periféricos', NULL, '', 'S'),
(136, 18, 8, 'Outsourcing de Suporte e Manutenç&#227;o de Sistemas', NULL, '', 'S'),
(137, 18, 5, 'Desenvolvimento de sistemas customizados conforme necessidade do cliente', NULL, '', 'S'),
(148, 18, 11, 'Tennismatch: site de relacionamento para jogadores de tennis', NULL, 'Tennismatch_90x23_1.jpg', 'S'),
(149, 18, 10, 'Control-4: Gerenciador de Schedule de Produç&#227;o', NULL, 'Control4_90x16.jpg', 'S'),
(152, 18, 9, 'ERP-4: próprio para pequenas e médias empresas', NULL, 'Logo ERP4 90 140_1.jpg', 'S'),
(153, 17, 10, 'SeekContabil', NULL, '', 'S'),
(154, 17, 10, 'SeekAutomaç&#227;o', NULL, '', 'S'),
(155, 17, 10, 'SeekTransporte', NULL, '', 'S'),
(156, 17, 10, 'SeekConfec', NULL, '', 'S'),
(162, 2, 3, 'Construç&#227;o de Centrais de Telecomunicaç&#227;o', NULL, '', 'S'),
(163, 2, 3, 'Infraestrurua para TI', NULL, '', 'S'),
(164, 2, 12, 'Estudos de Viabilidade e Elaboraç&#227;o de Projetos', NULL, '', 'S'),
(165, 2, 3, 'Redes (Metálica e Óptica)', NULL, '', 'S'),
(166, 2, 3, 'Radio Frequ&#234;ncia', NULL, '', 'S'),
(168, 2, 3, 'Via Satélite', NULL, '', 'S'),
(169, 2, 7, 'Configuraç&#227;o de Equipamentos', NULL, '', 'S'),
(170, 2, 5, 'Fábrica de Software', NULL, '', 'S'),
(171, 2, 5, 'Sistemas de Gerenciamento', NULL, '', 'S'),
(172, 2, 12, 'Outsourcing', NULL, '', 'S'),
(173, 5, 9, 'SAGRAM: Software de Gest&#227;o Empresarial', NULL, '', 'S'),
(174, 8, 12, 'Serviço de Diagnóstico de Ambientes de TI', NULL, '', 'S'),
(175, 8, 2, 'Elaboraç&#227;o de Projetos que Atendam Necessidades Específicas da Empresa', NULL, '', 'S'),
(176, 8, 14, 'Projeto de Infraestrura: Aquisiç&#227;o de Hardware, Software ou Serviços para Soluç&#227;o de Problemas', NULL, '', 'S'),
(177, 8, 13, 'Implantaç&#227;o de Projetos', NULL, '', 'S'),
(178, 8, 15, 'Capacitaç&#227;o de Colaboradores em novas tecnologias', NULL, '', 'S'),
(179, 12, 11, 'Criaç&#227;o e Desenvolvimento de Web Sites', NULL, '', 'S'),
(180, 12, 11, 'Criaç&#227;o e Desenvolvimento de Hotsites', NULL, '', 'S'),
(181, 12, 11, 'Criaç&#227;o e Desenvolvimento de E-commerce', NULL, '', 'S'),
(182, 12, 5, 'Criaç&#227;o e Desenvolvimento de Sistemas Online', NULL, '', 'S'),
(183, 21, 5, 'Soluç&#245;es para a Gest&#227;o Pública', NULL, '', 'S'),
(184, 23, 5, 'SGF - Sistema de Gest&#227;o Florestal', NULL, '', 'S'),
(185, 23, 5, 'SAP - Plataforma SAP', NULL, '', 'S'),
(186, 23, 5, 'Agrobusiness e GIF', NULL, '', 'S'),
(187, 32, 3, 'Comercializaç&#227;o de Soluç&#245;es para a Área de Infraestrutura de Redes de Computadores', NULL, '', 'S'),
(188, 32, 3, 'Locaç&#227;o de Soluç&#245;es para a Área de Infraestrutura de Redes de Computadores', NULL, '', 'S'),
(189, 32, 14, 'Suporte de Soluç&#245;es para a Área de Infraestrutura de Redes de Computadores', NULL, '', 'S'),
(190, 33, 9, 'SoftExpert Excellence Suite', NULL, '', 'S'),
(191, 34, 9, 'SoftExpert Excellence Suite', NULL, '', 'S'),
(192, 43, 5, 'Desenvolvimento de Sistemas (Pacote Fechado)', NULL, '', 'S'),
(193, 43, 12, 'Outsourcing de TI', NULL, '', 'S'),
(194, 43, 18, 'Alocaç&#227;o de M&#227;o-de-obra Especializada em TI', NULL, '', 'S'),
(195, 43, 14, 'Service Desk', NULL, '', 'S'),
(196, 43, 12, 'Mensuraç&#227;o de Esforço de Desenvolvimento', NULL, '', 'S'),
(197, 43, 12, 'Implantaç&#227;o de Gest&#227;o de Demandas', NULL, '', 'S'),
(198, 43, 14, 'Outsourcing de Impress&#227;o', NULL, '', 'S'),
(199, 43, 12, 'Alinhamento Estratégico de TI com as Áreas do Negócio', NULL, '', 'S'),
(200, 43, 1, 'Mapeamento de Processos', NULL, '', 'S'),
(201, 44, 19, 'Administraç&#227;o de Servidores Linux', NULL, '', 'S'),
(202, 48, 5, 'Desenvolvimento de Softwares', NULL, '', 'S'),
(203, 48, 8, 'Manutenç&#227;o de Software', NULL, '', 'S'),
(204, 48, 12, 'Consultoria SAP', NULL, '', 'S'),
(205, 48, 5, 'Fábrica de Software: ABAP, JAV, .Net, Delphi', NULL, '', 'S'),
(206, 48, 12, 'Outsourcing de TIC', NULL, '', 'S'),
(207, 48, 2, 'Gerenciamento de Projetos', NULL, '', 'S'),
(208, 48, 3, 'Projeto, Implantaç&#227;oe Manutenç&#227;o em Redes de Fibra Óptica, Rádio-enlace e Satélite', NULL, '', 'S'),
(209, 48, 18, 'Alocaç&#227;o de M&#227;o-de-obra Especializada em TIC', NULL, '', 'S'),
(210, 50, 11, 'Desenvolvimento Web Personalizado', NULL, '', 'S'),
(211, 50, 6, 'Venda de componentes para equipamentos de Informática e Comunicaç&#227;o', NULL, '', 'S'),
(212, 50, 10, 'Venda de Softwares sob Encomenda', NULL, '', 'S'),
(213, 50, 3, 'Produç&#227;o de Spots, Jingle e vinhetas', NULL, '', 'S'),
(214, 50, 8, 'Serviço de Manutenç&#227;o de Sistemas', NULL, '', 'S'),
(215, 50, 8, 'Serviço de Manutenç&#227;o de Sistemas Web', NULL, '', 'S'),
(218, 1, 9, 'Radar: Compras', NULL, 'r_compras_2.png', 'S'),
(219, 1, 9, 'Radar: Estoque', NULL, 'r_estoque_5.png', 'S'),
(220, 1, 9, 'Radar: Comercial', NULL, 'r_comercial.png', 'S'),
(223, 1, 9, 'Radar: Produç&#227;o', NULL, 'r_producao_2.png', 'S'),
(224, 1, 9, 'Radar: Custos', NULL, 'r_custos.png', 'S'),
(225, 1, 9, 'Radar: ECF', NULL, 'r_ecf.png', 'S'),
(226, 1, 9, 'Radar: Financeiro', NULL, 'r_financeiro.png', 'S'),
(227, 1, 9, 'Radar: Conciliaçao', NULL, 'r_conciliacao.png', 'S'),
(228, 1, 9, 'Radar: Contábil', NULL, 'r_contabil.png', 'S'),
(229, 1, 9, 'Radar: Orçamento', NULL, 'r_or_amentol.png', 'S'),
(230, 1, 9, 'Radar: Ponto', NULL, 'r_ponto.png', 'S'),
(231, 1, 9, 'Radar: Folha', NULL, 'r_folha.png', 'S'),
(232, 1, 9, 'Radar: Gerenciador', NULL, 'r_gerenciador.png', 'S'),
(233, 1, 9, 'Radar: GED', NULL, 'r_ged.png', 'S'),
(234, 1, 9, 'Radar: RVI ', NULL, 'r_rvi.png', 'S'),
(235, 1, 11, ' Desenvolvimento de Site Personalizado', NULL, '', 'S'),
(236, 59, 5, 'Desenvolvimento de Software', NULL, '', 'S'),
(237, 59, 12, 'Consultoria', NULL, '', 'S'),
(239, 27, 5, 'Desenvolvimento e licenciamnto de prod. para computador', NULL, 'jeveaux_logo.png', 'S'),
(240, 52, 11, 'Desenvolvimento de sites', NULL, '', 'S'),
(241, 68, 12, 'Consultoria Técnica em Informatica', NULL, '', 'S'),
(242, 68, 12, 'Consultoria Técnica em Informatica', NULL, '', 'S'),
(243, 67, 10, 'Produtos Oracle: Banco de dados, Aplicativos, Middleware e Hardware', NULL, 'oracle.bmp', 'S'),
(244, 67, 9, 'ERP in the cloud', NULL, '', 'S'),
(245, 67, 6, 'Hardware Oracle', NULL, '', 'S'),
(246, 67, 6, 'Hardware IBM', NULL, '', 'S'),
(247, 67, 10, 'E-COPS', NULL, 'ecops.gif', 'S'),
(248, 67, 5, 'Fábrica de software:sistemas,portais corporativos', NULL, '', 'S'),
(249, 67, 5, 'Fábrica de software: consultoria e análise', NULL, '', 'S'),
(250, 67, 5, 'Fábria de software: gest&atilde;o de segurança, data warehouse', NULL, '', 'S'),
(251, 67, 5, 'Fábrica de software: suporte e manutenç&atilde;o evolutiva', NULL, '', 'S'),
(252, 67, 4, 'DBA Part Time', NULL, '', 'S'),
(253, 67, 15, 'Treinamento Oracle', NULL, '', 'S'),
(254, 65, 18, 'Outsourcing', NULL, '', 'S'),
(255, 65, 2, 'Projetos e Desenvolvimento', NULL, '', 'S'),
(256, 65, 5, 'Fábrica de software', NULL, '', 'S'),
(257, 65, 5, 'Softwares customizáveis para empresas do setor financeiro', NULL, '', 'S'),
(258, 62, 5, 'Concepç&#227;o e Desenvolvimento de Sistema de BI (Business Intelligence)', NULL, '', 'S'),
(259, 62, 12, 'Consultoria em Gest&#227;o de Processos (BPM &#8211; Business Process Management)', NULL, '', 'S'),
(260, 62, 5, 'Fábrica AMS (Aplication Maintenance Services)', NULL, '', 'S'),
(261, 62, 11, 'Desenvolvimento Web e Aplicativos Móveis (Android/IOS)', NULL, '', 'S'),
(262, 62, 13, 'Outsourcing de Serviços de TI, Planejamento, Manutenç&#227;o e Projetos', NULL, '', 'S'),
(263, 62, 11, 'Modelagem de Portais Corporativos', NULL, '', 'S'),
(264, 62, 2, 'Auditoria, Integraç&#227;o e Manutenç&#227;o de Sistemas', NULL, '', 'S'),
(265, 62, 12, 'Consultoria e Gerenciamento de Projetos (PMO)', NULL, '', 'S'),
(266, 62, 10, 'SAP Business BI Netweaver, SEM-BPS, All-in-One e Abap Services', NULL, '', 'S'),
(267, 70, 5, 'Desenvolvimento de programas de computador sob encomenda', NULL, '', 'S'),
(268, 70, 5, 'Desenvolvimento e licenciamento de programas de computador customizáveis', NULL, '', 'S'),
(269, 70, 12, 'Consultoria em tecnologia da informaç&atilde;o', NULL, '', 'S'),
(270, 70, 1, 'Fornecimento e gest&atilde;o de recursos humanos para terceiros', NULL, '', 'S');

-- --------------------------------------------------------

--
-- Estrutura da tabela `bl_socios`
--

CREATE TABLE IF NOT EXISTS `bl_socios` (
  `soc_id` int(10) NOT NULL auto_increment COMMENT 'Identifica com exclusividade o sócio de uma associada',
  `ass_id` int(10) NOT NULL COMMENT 'liga o socio à respectiva associada',
  `soc_nome` varchar(255) NOT NULL COMMENT 'armazena o nome do sócio da associada',
  `soc_telefone` varchar(13) NOT NULL COMMENT 'armazena o telefone do socio da associada',
  `soc_email` varchar(255) NOT NULL COMMENT 'armazena o email do sócio',
  `soc_ativo` char(1) NOT NULL COMMENT 'S=sim N=não: informa se o sócio está com o cadastro ativo',
  PRIMARY KEY  (`soc_id`),
  KEY `ass_id` (`ass_id`)
) ENGINE=InnoDB  DEFAULT CHARSET=latin1 AUTO_INCREMENT=53 ;

--
-- Extraindo dados da tabela `bl_socios`
--

INSERT INTO `bl_socios` (`soc_id`, `ass_id`, `soc_nome`, `soc_telefone`, `soc_email`, `soc_ativo`) VALUES
(1, 1, 'Benízio Lázaro Teste', '(27)3343-0650', 'bl@blinfo.com.br', 'S'),
(2, 1, 'Maria do Carmo Laia Lázaro Teste', '(27)3343-0650', 'bl@blinfo.com.br', 'S'),
(3, 2, 'Érica Negrelli Ferrari', '(27)2124-9900', 'americo@vgainfo.com.br', 'S'),
(4, 2, 'Jacimar Tereza N. Lorezoni', '(27)2124-9900', 'americo@vgainfo.com.br', 'S'),
(5, 50, 'José Luiz Coco', '(27)9837-8664', 'comercial@estacaovix.com.br', 'S'),
(6, 51, 'Gustavo Henrique Rodrigues', '(27)3038-0600', 'diretoria@telemasters.com.br', 'S'),
(7, 51, 'Leonardo Rodrigues Nascimento', '(27)3038-0600', 'diretoria@telemasters.com.br', 'S'),
(8, 52, 'Marcelo Gomes da Silva', '(27)3421-3000', 'administrativo@tkg.com.br', 'S'),
(9, 52, 'Luciana Brites de Lima', '(27)9276-0464', 'luciana@cyber2.com.br', 'S'),
(10, 53, 'Thiago Murad Sudré', '(27)8821-5671', 'tsudre@agenciaunico.com.br', 'S'),
(11, 53, 'Vinicius Garcia Souza Pinto', '(27)3074-7233', 'atendimento@agenciaunico.com.br', 'S'),
(12, 54, 'Elton Lacourt de Moraes', '(27)2122-2122', 'elton@ebr.net.br', 'S'),
(13, 54, 'Rafael', '(27)2122-2122', 'elton@ebr.net.br', 'S'),
(14, 55, 'Elton Lacourt de Moraes', '(27)2122-2122', 'elton@ebr.net.br', 'S'),
(15, 55, 'Rafael', '(27)2122-2122', 'elton@ebr.net.br', 'S'),
(16, 56, 'Dany Wendel Garcias Silva', '(27)2104-8000', 'nexa@nexa.com.br', 'S'),
(17, 56, 'Djalma Salvador Filho', '(27)2104-8000', 'nexa@nexa.com.br', 'S'),
(18, 56, 'José Luiz Campagnaro', '(27)2104-8000', 'bexa@nexa.com.br', 'S'),
(19, 56, 'Luciano Jorge Gonçalves Barcellos', '(27)2104-8000', 'nexa@nexa.com.br', 'S'),
(20, 57, 'Elton Lacourt de Moraes', '(27)2122-2122', 'elton@ebr.net.br', 'S'),
(21, 57, 'Rafael Gomes de Moraes', '(27)2122-2122', 'elton@ebr.net.br', 'S'),
(22, 58, 'Wagner Regiani Netto', '(27)3331-3119', 'wagner@vixteam.com.br', 'S'),
(23, 58, 'Marcello Martins Alves de Siqueira', '(27)3331-3100', 'marcello@vixteam.com.br', 'S'),
(24, 58, 'Evandro Polese Alves', '(27)3331-3100', 'falecom@vixteam.com.br', 'S'),
(25, 58, 'Gisela MenicucciBortoloso', '(27)3331-3100', 'falecom@vixteam.com.br', 'S'),
(26, 59, 'Antonio Carlos Alves Poyares', '(27)9309-2963', 'antonio.poyares@spgsolucoes.cm.br', 'S'),
(27, 59, 'Marlene Beda de Jesus', '(27)2123-1987', 'spg@spgsolucoes.com.br', 'S'),
(28, 59, 'Nelson Vieira Torres', '(27)2123-1987', 'spg@spgsolucoes.com.br', 'S'),
(29, 60, 'Marco Aurelio Ramiro', '(28)3542-1429', 'marcoramiro@tecystem.com.br', 'S'),
(30, 60, 'Carlos Alberto Fim', '(28)3542-1429', 'tecystem@tecystem.com.br', 'S'),
(31, 27, 'Nome', '(27)3026-0264', 'contato@giran.com.br', 'S'),
(33, 62, 'Rosana Melgaço Lopes', '(27)3325-6828', 'rosana@pentago.com.br', 'S'),
(34, 62, 'Pedro Henrique Maia', '(27)3325-6828', 'pentago@pentago.com.br', 'S'),
(35, 63, 'Liézio Lima Marelli', '(28)2102-1692', 'info@gerpos.com.br', 'S'),
(36, 63, 'Lionda Lima Marelli', '(27)9885-3524', 'liondamorelli@gerpos.com.br', 'S'),
(37, 65, 'Jefferson Elias Ayub', '(27)3185-2953', 'jeffersonayub@trevit.com.br', 'S'),
(38, 65, 'Nilton Gonçalves Pereira ', '(27)3185-2951', 'niltonpereira@trevit.com.br', 'S'),
(39, 65, 'Wlysses Augusto Coutinho Camello ', '(27)3185-2952', 'wlyssescoutinho@trevit.com.br', 'S'),
(40, 45, 'Leonardo Hees Drummond', '(27)3345-0205', 'leonardo@tectrilha.com.br', 'S'),
(41, 66, 'Eduardo Ribeiro Barbosa', '(27)8134-1676', 'diretoria@sistemaautomotivo.com', 'S'),
(42, 66, 'Solivam Freire de Andrade', '(27)3205-4800', 'diretoria@sistemaautomotivo.com', 'S'),
(43, 67, 'Almir da Luz Ramos Dias', '(27)3204-5111', 'almir@csiway.com.br', 'S'),
(44, 67, 'Roselene Carone', '(27)3204-5111', 'rosi@csiway.com.br', 'S'),
(45, 68, 'Niase Borjaille Ferreira', '(27)3015-1812', 'niase@mindworks.com.br', 'S'),
(47, 68, 'Vinicius Mello de Souza', '(27)3015-1800', 'vinicius@mindworks.com.br', 'S'),
(48, 42, 'Luciano Raizer Moura ', '(27)9981-9315', 'luciano@raizermoura.com.br', 'S'),
(49, 69, 'Roberto Rodrigues Junior', '(27)3014-1460', 'erpi@erpi.com.br', 'S'),
(50, 69, 'Edman Rodrigues Miranda', '(27)3014-1460', 'erpi@erpi.com.br', 'S'),
(51, 70, 'Luiz Eduardo Alvarenga', '(27)3357-3450', 'luizeduardo@sle.com.br', 'S'),
(52, 70, 'Debora Bento Alvarenga', '(27)3357-3450', 'luizeduardo@sle.com.br', 'S');

-- --------------------------------------------------------

--
-- Estrutura da tabela `bl_tipo_produto`
--

CREATE TABLE IF NOT EXISTS `bl_tipo_produto` (
  `tipo_prod_id` int(6) NOT NULL auto_increment COMMENT 'armazena o número do tipo de produto no sistema',
  `tipo_prod_descricao` varchar(255) NOT NULL COMMENT 'armaena a descricao do tipo',
  `tipo_prod_ativo` char(1) NOT NULL default 'S' COMMENT 'S=sim N=não: define a situação cadastral do tipo',
  PRIMARY KEY  (`tipo_prod_id`)
) ENGINE=InnoDB  DEFAULT CHARSET=latin1 AUTO_INCREMENT=20 ;

--
-- Extraindo dados da tabela `bl_tipo_produto`
--

INSERT INTO `bl_tipo_produto` (`tipo_prod_id`, `tipo_prod_descricao`, `tipo_prod_ativo`) VALUES
(1, 'GERENCIAMENTO DE PROCESSOS', 'S'),
(2, 'GERENCIAMENTO DE PROJETOS', 'S'),
(3, 'SERVIÇOS DE REDES E COMUNICAÇ&#195;O', 'S'),
(4, 'SOFTWARES ESPECIFICOS', 'S'),
(5, 'DESENVOLVIMENTOS DE SISTEMAS', 'S'),
(6, 'COMERCIALIZAÇ&#195;O DE PRODUTOS DE INFORMÁTICA', 'S'),
(7, 'MANUTENÇ&#195;O DE HARDWARE', 'S'),
(8, 'MANUTENÇ&#195;O DE SOFTWARE', 'S'),
(9, 'ERP E CRM', 'S'),
(10, 'COMERCIALIZAÇ&#195;O DE SOFTWARE', 'S'),
(11, 'DESENVOLVIMENTO WEB', 'S'),
(12, 'CONSULTORIAS', 'S'),
(13, 'ADMINISTRAÇ&#195;O DE SERVIÇOS', 'S'),
(14, 'SUPORTE TÉCNICO', 'S'),
(15, 'TREINAMENTOS', 'S'),
(16, 'SERVIÇOS DE IMPRESS&#195;O', 'S'),
(17, 'GED - GUARDA ELETRÔNICA DE DOCUMENTOS', 'S'),
(18, 'SERVIÇOS DE INFRAESTRURA', 'S'),
(19, 'ADMINISTRAÇ&#195;O DE SERVIDORES', 'S');

-- --------------------------------------------------------

--
-- Estrutura da tabela `bl_usuario`
--

CREATE TABLE IF NOT EXISTS `bl_usuario` (
  `usuario_id` smallint(6) NOT NULL auto_increment,
  `usuario_nome` varchar(255) NOT NULL,
  `usuario_email` varchar(255) NOT NULL,
  `usuario_login` varchar(15) NOT NULL,
  `usuario_senha` varchar(10) NOT NULL,
  `usuario_ativo` char(1) NOT NULL,
  PRIMARY KEY  (`usuario_id`),
  UNIQUE KEY `usuario_login` (`usuario_login`)
) ENGINE=InnoDB  DEFAULT CHARSET=utf8 AUTO_INCREMENT=2 ;

--
-- Extraindo dados da tabela `bl_usuario`
--

INSERT INTO `bl_usuario` (`usuario_id`, `usuario_nome`, `usuario_email`, `usuario_login`, `usuario_senha`, `usuario_ativo`) VALUES
(1, 'Favor alterar senha, mto facil :)', 'claudio@blinfo.com.br', 'admin', 'admin', 's');

--
-- Constraints for dumped tables
--

--
-- Limitadores para a tabela `bl_boleto`
--
ALTER TABLE `bl_boleto`
  ADD CONSTRAINT `bl_boleto_ibfk_1` FOREIGN KEY (`ass_id`) REFERENCES `bl_associado` (`ass_id`) ON UPDATE CASCADE;

--
-- Limitadores para a tabela `bl_certidao`
--
ALTER TABLE `bl_certidao`
  ADD CONSTRAINT `bl_certidao_ibfk_1` FOREIGN KEY (`ass_id`) REFERENCES `bl_associado` (`ass_id`) ON UPDATE CASCADE;

--
-- Limitadores para a tabela `bl_produto`
--
ALTER TABLE `bl_produto`
  ADD CONSTRAINT `bl_produto_ibfk_1` FOREIGN KEY (`ass_id`) REFERENCES `bl_associado` (`ass_id`) ON UPDATE CASCADE,
  ADD CONSTRAINT `bl_produto_ibfk_2` FOREIGN KEY (`tipo_prod_id`) REFERENCES `bl_tipo_produto` (`tipo_prod_id`) ON UPDATE CASCADE;

--
-- Limitadores para a tabela `bl_socios`
--
ALTER TABLE `bl_socios`
  ADD CONSTRAINT `bl_socios_ibfk_1` FOREIGN KEY (`ass_id`) REFERENCES `bl_associado` (`ass_id`) ON UPDATE CASCADE;

/*!40101 SET CHARACTER_SET_CLIENT=@OLD_CHARACTER_SET_CLIENT */;
/*!40101 SET CHARACTER_SET_RESULTS=@OLD_CHARACTER_SET_RESULTS */;
/*!40101 SET COLLATION_CONNECTION=@OLD_COLLATION_CONNECTION */;
